name	taxid	sp_number	accession_file
Petromyzon_marinus	7757	001	GCF_010993605.1_kPetMar1.pri_cds_from_genomic.fna.gz
Leucoraja_erinacea	7782	002	GCA_000238235.1_LER_WGS_1_cds_from_genomic.fna.gz
Callorhinchus_milii	7868	003	GCF_000165045.1_Callorhinchus_milii-6.1.3_cds_from_genomic.fna.gz
Latimeria_chalumnae	7897	004	GCF_000225785.1_LatCha1_cds_from_genomic.fna.gz
Lepisosteus_oculatus	7918	005	GCF_000242695.1_LepOcu1_cds_from_genomic.fna.gz
Clupea_harengus	7950	006	GCF_900700415.1_Ch_v2.0.2_cds_from_genomic.fna.gz
Danio_rerio	7955	007	GCF_000002035.6_GRCz11_cds_from_genomic.fna.gz
Carassius_auratus	7957	008	GCF_003368295.1_ASM336829v1_cds_from_genomic.fna.gz
Cyprinus_carpio	7962	009	GCF_000951615.1_common_carp_genome_cds_from_genomic.fna.gz
Astyanax_mexicanus	7994	010	GCF_000372685.2_Astyanax_mexicanus-2.0_cds_from_genomic.fna.gz
Ictalurus_punctatus	7998	011	GCF_001660625.1_IpCoco_1.2_cds_from_genomic.fna.gz
Electrophorus_electricus	8005	012	GCF_003665695.1_Ee_SOAP_WITH_SSPACE_cds_from_genomic.fna.gz
Esox_lucius	8010	013	GCF_004634155.1_Eluc_v4_cds_from_genomic.fna.gz
Oncorhynchus_kisutch	8019	014	GCF_002021735.2_Okis_V2_cds_from_genomic.fna.gz
Oncorhynchus_mykiss	8022	015	GCF_002163495.1_Omyk_1.0_cds_from_genomic.fna.gz
Oncorhynchus_nerka	8023	016	GCF_006149115.1_Oner_1.0_cds_from_genomic.fna.gz
Salmo_salar	8030	017	GCF_000233375.1_ICSASG_v2_cds_from_genomic.fna.gz
Salmo_trutta	8032	018	GCF_901001165.1_fSalTru1.1_cds_from_genomic.fna.gz
Salvelinus_alpinus	8036	019	GCF_002910315.2_ASM291031v2_cds_from_genomic.fna.gz
Gadus_morhua	8049	020	GCF_902167405.1_gadMor3.0_cds_from_genomic.fna.gz
Fundulus_heteroclitus	8078	021	GCF_000826765.1_Fundulus_heteroclitus-3.0.2_cds_from_genomic.fna.gz
Poecilia_reticulata	8081	022	GCF_000633615.1_Guppy_female_1.0_MT_cds_from_genomic.fna.gz
Xiphophorus_maculatus	8083	023	GCF_002775205.1_X_maculatus-5.0-male_cds_from_genomic.fna.gz
Xiphophorus_hellerii	8084	024	GCF_003331165.1_Xiphophorus_hellerii-4.1_cds_from_genomic.fna.gz
Oryzias_latipes	8090	025	GCF_002234675.1_ASM223467v1_cds_from_genomic.fna.gz
Oreochromis_niloticus	8128	026	GCF_001858045.2_O_niloticus_UMD_NMBU_cds_from_genomic.fna.gz
Haplochromis_burtoni	8153	027	GCF_000239415.1_AstBur1.0_cds_from_genomic.fna.gz
Astatotilapia_calliptera	8154	028	GCF_900246225.1_fAstCal1.2_cds_from_genomic.fna.gz
Perca_flavescens	8167	029	GCF_004354835.1_PFLA_1.0_cds_from_genomic.fna.gz
Perca_fluviatilis	8168	030	GCA_010015445.1_GENO_Pfluv_1.0_cds_from_genomic.fna.gz
Sparus_aurata	8175	031	GCF_900880675.1_fSpaAur1.1_cds_from_genomic.fna.gz
Lates_calcarifer	8187	032	GCF_001640805.1_ASM164080v1_cds_from_genomic.fna.gz
Notothenia_coriiceps	8208	033	GCF_000735185.1_NC01_cds_from_genomic.fna.gz
Paralichthys_olivaceus	8255	034	GCF_001970005.1_Flounder_ref_guided_V1.0_cds_from_genomic.fna.gz
Xenopus_laevis	8355	035	GCF_001663975.1_Xenopus_laevis_v2_cds_from_genomic.fna.gz
Xenopus_tropicalis	8364	036	GCF_000004195.4_UCB_Xtro_10.0_cds_from_genomic.fna.gz
Lithobates_catesbeianus	8400	037	GCA_002284835.2_RCv2.1_cds_from_genomic.fna.gz
Chelonia_mydas	8469	038	GCF_000344595.1_CheMyd_1.0_cds_from_genomic.fna.gz
Chrysemys_picta	8479	039	GCF_000241765.3_Chrysemys_picta_bellii-3.0.3_cds_from_genomic.fna.gz
Malaclemys_terrapin	8485	040	GCA_001728815.2_terp_v2_2_cds_from_genomic.fna.gz
Alligator_mississippiensis	8496	041	GCF_000281125.3_ASM28112v4_cds_from_genomic.fna.gz
Crocodylus_porosus	8502	042	GCF_001723895.1_CroPor_comp1_cds_from_genomic.fna.gz
Notechis_scutatus	8663	043	GCF_900518725.1_TS10Xv2-PRI_cds_from_genomic.fna.gz
Ophiophagus_hannah	8665	044	GCA_000516915.1_OphHan1.0_cds_from_genomic.fna.gz
Pseudonaja_textilis	8673	045	GCF_900518735.1_EBS10Xv2-PRI_cds_from_genomic.fna.gz
Dromaius_novaehollandiae	8790	046	GCF_003342905.1_droNov1_cds_from_genomic.fna.gz
Struthio_camelus	8801	047	GCF_000698965.1_ASM69896v1_cds_from_genomic.fna.gz
Anas_platyrhynchos	8839	048	GCF_003850225.1_IASCAAS_PekingDuck_PBH1.5_cds_from_genomic.fna.gz
Anser_cygnoides	8845	049	GCF_000971095.1_AnsCyg_PRJNA183603_v1.0_cds_from_genomic.fna.gz
Chaetura_pelagica	8897	050	GCF_000747805.1_ChaPel_1.0_cds_from_genomic.fna.gz
Columba_livia	8932	051	GCF_000337935.1_Cliv_1.0_cds_from_genomic.fna.gz
Falco_peregrinus	8954	052	GCF_000337955.1_F_peregrinus_v1.0_cds_from_genomic.fna.gz
Aquila_chrysaetos	8962	053	GCF_900496995.1_bAquChr1.2_cds_from_genomic.fna.gz
Haliaeetus_albicilla	8969	054	GCF_000691405.1_ASM69140v1_cds_from_genomic.fna.gz
Numida_meleagris	8996	055	GCF_002078875.1_NumMel1.0_cds_from_genomic.fna.gz
Callipepla_squamata	9009	056	GCA_002218305.1_ASM221830v1_cds_from_genomic.fna.gz
Gallus_gallus	9031	057	GCF_000002315.6_GRCg6a_cds_from_genomic.fna.gz
Phasianus_colchicus	9054	058	GCF_004143745.1_ASM414374v1_cds_from_genomic.fna.gz
Bambusicola_thoracicus	9083	059	GCA_002909625.1_Bthov1.0_cds_from_genomic.fna.gz
Meleagris_gallopavo	9103	060	GCF_000146605.3_Turkey_5.1_cds_from_genomic.fna.gz
Serinus_canaria	9135	061	GCF_007115625.1_cibio_Scana_2019_cds_from_genomic.fna.gz
Parus_major	9157	062	GCF_001522545.3_Parus_major1.1_cds_from_genomic.fna.gz
Sturnus_vulgaris	9172	063	GCF_001447265.1_Sturnus_vulgaris-1.0_cds_from_genomic.fna.gz
Phalacrocorax_carbo	9209	064	GCF_000708925.1_ASM70892v1_cds_from_genomic.fna.gz
Aptenodytes_forsteri	9233	065	GCF_000699145.1_ASM69914v1_cds_from_genomic.fna.gz
Aptenodytes_patagonicus	9234	066	GCA_010087175.1_BGI_Apat.V1_cds_from_genomic.fna.gz
Pygoscelis_adeliae	9238	067	GCF_000699105.1_ASM69910v1_cds_from_genomic.fna.gz
Spheniscus_humboldti	9240	068	GCA_010076325.1_BGI_Shum.V1_cds_from_genomic.fna.gz
Calypte_anna	9244	069	GCF_003957555.1_bCalAnn1_v1.p_cds_from_genomic.fna.gz
Ornithorhynchus_anatinus	9258	070	GCF_004115215.1_mOrnAna1.p.v1_cds_from_genomic.fna.gz
Sarcophilus_harrisii	9305	071	GCF_902635505.1_mSarHar1.11_cds_from_genomic.fna.gz
Dasypus_novemcinctus	9361	072	GCF_000208655.1_Dasnov3.0_cds_from_genomic.fna.gz
Erinaceus_europaeus	9365	073	GCF_000296755.1_EriEur2.0_cds_from_genomic.fna.gz
Echinops_telfairi	9371	074	GCF_000313985.2_ASM31398v2_cds_from_genomic.fna.gz
Pteropus_alecto	9402	075	GCF_000325575.1_ASM32557v1_cds_from_genomic.fna.gz
Rousettus_aegyptiacus	9407	076	GCF_001466805.2_Raegyp2.0_cds_from_genomic.fna.gz
Desmodus_rotundus	9430	077	GCF_002940915.1_ASM294091v2_cds_from_genomic.fna.gz
Callithrix_jacchus	9483	078	GCF_000004665.1_Callithrix_jacchus-3.2_cds_from_genomic.fna.gz
Sapajus_apella	9515	079	GCF_009761245.1_GSC_monkey_1.0_cds_from_genomic.fna.gz
Cebus_capucinus	9516	080	GCF_001604975.1_Cebus_imitator-1.0_cds_from_genomic.fna.gz
Cercocebus_atys	9531	081	GCF_000955945.1_Caty_1.0_cds_from_genomic.fna.gz
Macaca_fascicularis	9541	082	GCF_000364345.1_Macaca_fascicularis_5.0_cds_from_genomic.fna.gz
Macaca_mulatta	9544	083	GCF_003339765.1_Mmul_10_cds_from_genomic.fna.gz
Macaca_nemestrina	9545	084	GCF_000956065.1_Mnem_1.0_cds_from_genomic.fna.gz
Papio_anubis	9555	085	GCF_008728515.1_Panubis1.0_cds_from_genomic.fna.gz
Theropithecus_gelada	9565	086	GCF_003255815.1_Tgel_1.0_cds_from_genomic.fna.gz
Mandrillus_leucophaeus	9568	087	GCF_000951045.1_Mleu.le_1.0_cds_from_genomic.fna.gz
Gorilla_gorilla	9593	088	GCF_008122165.1_Kamilah_GGO_v0_cds_from_genomic.fna.gz
Pan_paniscus	9597	089	GCF_000258655.2_panpan1.1_cds_from_genomic.fna.gz
Pan_troglodytes	9598	090	GCF_002880755.1_Clint_PTRv2_cds_from_genomic.fna.gz
Pongo_abelii	9601	091	GCF_002880775.1_Susie_PABv2_cds_from_genomic.fna.gz
Homo_sapiens	9606	092	GCF_000001405.39_GRCh38.p13_cds_from_genomic.fna.gz
Canis_lupus	9612	093	GCF_000002285.3_CanFam3.1_cds_from_genomic.fna.gz
Vulpes_vulpes	9627	094	GCF_003160815.1_VulVul2.2_cds_from_genomic.fna.gz
Ursus_arctos	9644	095	GCF_003584765.1_ASM358476v1_cds_from_genomic.fna.gz
Ailuropoda_melanoleuca	9646	096	GCF_000004335.2_AilMel_1.0_cds_from_genomic.fna.gz
Mustela_putorius	9668	097	GCF_000215625.1_MusPutFur1.0_cds_from_genomic.fna.gz
Crocuta_crocuta	9678	098	GCA_008692635.1_BGI_CrCroc_1.0_cds_from_genomic.fna.gz
Felis_catus	9685	099	GCF_000181335.3_Felis_catus_9.0_cds_from_genomic.fna.gz
Panthera_pardus	9691	100	GCF_001857705.1_PanPar1.0_cds_from_genomic.fna.gz
Panthera_tigris	9694	101	GCF_000464555.1_PanTig1.0_cds_from_genomic.fna.gz
Puma_concolor	9696	102	GCF_003327715.1_PumCon1.0_cds_from_genomic.fna.gz
Zalophus_californianus	9704	103	GCF_900631625.1_zalCal2.2_cds_from_genomic.fna.gz
Odobenus_rosmarus	9707	104	GCF_000321225.1_Oros_1.0_cds_from_genomic.fna.gz
Leptonychotes_weddellii	9713	105	GCF_000349705.1_LepWed1.0_cds_from_genomic.fna.gz
Mirounga_leonina	9715	106	GCA_011800145.1_KU_Mleo_1.0_cds_from_genomic.fna.gz
Phoca_vitulina	9720	107	GCF_004348235.1_GSC_HSeal_1.0_cds_from_genomic.fna.gz
Globicephala_melas	9731	108	GCF_006547405.1_ASM654740v1_cds_from_genomic.fna.gz
Orcinus_orca	9733	109	GCF_000331955.2_Oorc_1.1_cds_from_genomic.fna.gz
Tursiops_truncatus	9739	110	GCF_001922835.1_NIST_Tur_tru_v1_cds_from_genomic.fna.gz
Delphinapterus_leucas	9749	111	GCF_002288925.2_ASM228892v3_cds_from_genomic.fna.gz
Physeter_catodon	9755	112	GCF_002837175.2_ASM283717v2_cds_from_genomic.fna.gz
Balaenoptera_acutorostrata	9767	113	GCF_000493695.1_BalAcu1.0_cds_from_genomic.fna.gz
Balaenoptera_physalus	9770	114	GCA_008795845.1_Baphy_cds_from_genomic.fna.gz
Trichechus_manatus	9778	115	GCF_000243295.1_TriManLat1.0_cds_from_genomic.fna.gz
Loxodonta_africana	9785	116	GCF_000001905.1_Loxafr3.0_cds_from_genomic.fna.gz
Equus_asinus	9793	117	GCF_001305755.1_ASM130575v1_cds_from_genomic.fna.gz
Equus_caballus	9796	118	GCF_002863925.1_EquCab3.0_cds_from_genomic.fna.gz
Equus_przewalskii	9798	119	GCF_000696695.1_Burgud_cds_from_genomic.fna.gz
Ceratotherium_simum	9807	120	GCF_000283155.1_CerSimSim1.0_cds_from_genomic.fna.gz
Orycteropus_afer	9818	121	GCF_000298275.1_OryAfe1.0_cds_from_genomic.fna.gz
Sus_scrofa	9823	122	GCF_000003025.6_Sscrofa11.1_cds_from_genomic.fna.gz
Camelus_bactrianus	9837	123	GCF_000767855.1_Ca_bactrianus_MBC_1.0_cds_from_genomic.fna.gz
Camelus_dromedarius	9838	124	GCF_000803125.2_CamDro3_cds_from_genomic.fna.gz
Cervus_elaphus	9860	125	GCA_002197005.1_CerEla1.0_cds_from_genomic.fna.gz
Odocoileus_virginianus	9874	126	GCF_002102435.1_Ovir.te_1.0_cds_from_genomic.fna.gz
Muntiacus_reevesi	9886	127	GCA_008787405.1_UCB_Mree_1.0_cds_from_genomic.fna.gz
Muntiacus_muntjak	9888	128	GCA_008782695.1_UCB_Mmun_1.0_cds_from_genomic.fna.gz
Bison_bison	9901	129	GCF_000754665.1_Bison_UMD1.0_cds_from_genomic.fna.gz
Bos_taurus	9913	130	GCF_002263795.1_ARS-UCD1.2_cds_from_genomic.fna.gz
Bos_indicus	9915	131	GCF_000247795.1_Bos_indicus_1.0_cds_from_genomic.fna.gz
Capra_hircus	9925	132	GCF_001704415.1_ARS1_cds_from_genomic.fna.gz
Ovis_aries	9940	133	GCF_002742125.1_Oar_rambouillet_v1.0_cds_from_genomic.fna.gz
Manis_javanica	9974	134	GCF_001685135.1_ManJav1.0_cds_from_genomic.fna.gz
Ochotona_princeps	9978	135	GCF_000292845.1_OchPri3.0_cds_from_genomic.fna.gz
Oryctolagus_cuniculus	9986	136	GCF_000003625.3_OryCun2.0_cds_from_genomic.fna.gz
Marmota_marmota	9993	137	GCF_001458135.1_marMar2.1_cds_from_genomic.fna.gz
Marmota_monax	9995	138	GCA_901343595.1_MONAX5_cds_from_genomic.fna.gz
Urocitellus_parryii	9999	139	GCF_003426925.1_ASM342692v1_cds_from_genomic.fna.gz
Dipodomys_ordii	10020	140	GCF_000151885.1_Dord_2.0_cds_from_genomic.fna.gz
Cricetulus_griseus	10029	141	GCF_000223135.1_CriGri_1.0_cds_from_genomic.fna.gz
Mesocricetus_auratus	10036	142	GCF_000349665.1_MesAur1.0_cds_from_genomic.fna.gz
Peromyscus_leucopus	10041	143	GCF_004664715.1_Pero_0.1_cds_from_genomic.fna.gz
Peromyscus_maniculatus	10042	144	GCF_000500345.1_Pman_1.0_cds_from_genomic.fna.gz
Meriones_unguiculatus	10047	145	GCF_002204375.1_MunDraft-v1.0_cds_from_genomic.fna.gz
Mus_caroli	10089	146	GCF_900094665.1_CAROLI_EIJ_v1.1_cds_from_genomic.fna.gz
Mus_musculus	10090	147	GCF_000001635.26_GRCm38.p6_cds_from_genomic.fna.gz
Mus_pahari	10093	148	GCF_900095145.1_PAHARI_EIJ_v1.1_cds_from_genomic.fna.gz
Rattus_norvegicus	10116	149	GCF_000001895.5_Rnor_6.0_cds_from_genomic.fna.gz
Rattus_rattus	10117	150	GCF_011064425.1_Rrattus_CSIRO_v1_cds_from_genomic.fna.gz
Cavia_porcellus	10141	151	GCF_000151735.1_Cavpor3.0_cds_from_genomic.fna.gz
Octodon_degus	10160	152	GCF_000260255.1_OctDeg1.0_cds_from_genomic.fna.gz
Heterocephalus_glaber	10181	153	GCF_000247695.1_HetGla_female_1.0_cds_from_genomic.fna.gz
Amazona_aestiva	12930	154	GCA_001420675.1_ASM142067v1_cds_from_genomic.fna.gz
Melopsittacus_undulatus	13146	155	GCF_000238935.1_Melopsittacus_undulatus_6.3_cds_from_genomic.fna.gz
Monodelphis_domestica	13616	156	GCF_000002295.2_MonDom5_cds_from_genomic.fna.gz
Pelodiscus_sinensis	13735	157	GCF_000230535.1_PelSin_1.0_cds_from_genomic.fna.gz
Saimiri_boliviensis	27679	158	GCF_000235385.1_SaiBol1.0_cds_from_genomic.fna.gz
Erpetoichthys_calabaricus	27687	159	GCF_900747795.1_fErpCal1.1_cds_from_genomic.fna.gz
Anolis_carolinensis	28377	160	GCF_000090745.1_AnoCar2.0_cds_from_genomic.fna.gz
Elephantulus_edwardii	28737	161	GCF_000299155.1_EleEdw1.0_cds_from_genomic.fna.gz
Cyprinodon_variegatus	28743	162	GCF_000732505.1_C_variegatus-1.0_cds_from_genomic.fna.gz
Ursus_maritimus	29073	163	GCF_000687225.1_UrsMar_1.0_cds_from_genomic.fna.gz
Eptesicus_fuscus	29078	164	GCF_000308155.1_EptFus1.0_cds_from_genomic.fna.gz
Neomonachus_schauinslandi	29088	165	GCF_002201575.1_ASM220157v1_cds_from_genomic.fna.gz
Vombatus_ursinus	29139	166	GCF_900497805.2_bare-nosed_wombat_genome_assembly_cds_from_genomic.fna.gz
Chanos_chanos	29144	167	GCF_902362185.1_fChaCha1.1_cds_from_genomic.fna.gz
Opisthocomus_hoazin	30419	168	GCF_000692075.1_ASM69207v1_cds_from_genomic.fna.gz
Fulmarus_glacialis	30455	169	GCF_000690835.1_ASM69083v1_cds_from_genomic.fna.gz
Nothoprocta_perdicaria	30464	170	GCF_003342845.1_notPer1_cds_from_genomic.fna.gz
Bos_indicus_x_Bos_taurus	30522	171	GCF_003369695.1_UOA_Brahman_1_cds_from_genomic.fna.gz
Vicugna_pacos	30538	172	GCF_000164845.3_VicPac3.1_cds_from_genomic.fna.gz
Microcebus_murinus	30608	173	GCF_000165445.2_Mmur_3.0_cds_from_genomic.fna.gz
Otolemur_garnettii	30611	174	GCF_000181295.1_OtoGar3_cds_from_genomic.fna.gz
Oryzias_melastigma	30732	175	GCF_002922805.1_Om_v0.7.RACA_cds_from_genomic.fna.gz
Takifugu_rubripes	31033	176	GCF_901000725.2_fTakRub1.2_cds_from_genomic.fna.gz
Xiphophorus_couchianus	32473	177	GCF_001444195.1_X_couchianus-1.0_cds_from_genomic.fna.gz
Neolamprologus_brichardi	32507	178	GCF_000239395.1_NeoBri1.0_cds_from_genomic.fna.gz
Acinonyx_jubatus	32536	179	GCF_003709585.1_Aci_jub_2_cds_from_genomic.fna.gz
Gambusia_affinis	33528	180	GCA_003097735.1_ASM309773v1_cds_from_genomic.fna.gz
Chinchilla_lanigera	34839	181	GCF_000276665.1_ChiLan1.0_cds_from_genomic.fna.gz
Enhydra_lutris	34882	182	GCF_002288905.1_ASM228890v2_cds_from_genomic.fna.gz
Callorhinus_ursinus	34884	183	GCF_003265705.1_ASM326570v1_cds_from_genomic.fna.gz
Eumetopias_jubatus	34886	184	GCF_004028035.1_ASM402803v1_cds_from_genomic.fna.gz
Thamnophis_elegans	35005	185	GCF_009769535.1_rThaEle1.pri_cds_from_genomic.fna.gz
Thamnophis_sirtalis	35019	186	GCF_001077635.1_Thamnophis_sirtalis-6.0_cds_from_genomic.fna.gz
Mastomys_coucha	35658	187	GCF_008632895.1_UCSF_Mcou_1_cds_from_genomic.fna.gz
Dissostichus_mawsoni	36200	188	GCA_011823955.1_KU_Dm_1.0_cds_from_genomic.fna.gz
Pelecanus_crispus	36300	189	GCF_000687375.1_ASM68737v1_cds_from_genomic.fna.gz
Mustela_erminea	36723	190	GCF_009829155.1_mMusErm1.Pri_cds_from_genomic.fna.gz
Kryptolebias_marmoratus	37003	191	GCF_001649575.1_ASM164957v1_cds_from_genomic.fna.gz
Suricata_suricatta	37032	192	GCF_006229205.1_meerkat_22Aug2017_6uvM2_HiC_cds_from_genomic.fna.gz
Gavia_stellata	37040	193	GCF_000690875.1_ASM69087v1_cds_from_genomic.fna.gz
Eudyptes_pachyrhynchus	37080	194	GCA_010085335.1_BGI_Epac.V1_cds_from_genomic.fna.gz
Spheniscus_magellanicus	37081	195	GCA_010076225.1_BGI_Smag.V1_cds_from_genomic.fna.gz
Eudyptula_minor	37083	196	GCA_010080355.1_BGI_Emin.V1_cds_from_genomic.fna.gz
Megadyptes_antipodes	37085	197	GCA_010078485.1_BGI_Mant.V1_cds_from_genomic.fna.gz
Aotus_nancymaae	37293	198	GCF_000952055.2_Anan_2.0_cds_from_genomic.fna.gz
Phascolarctos_cinereus	38626	199	GCF_002099425.1_phaCin_unsw_v4.1_cds_from_genomic.fna.gz
Alligator_sinensis	38654	200	GCF_000455745.1_ASM45574v1_cds_from_genomic.fna.gz
Monodon_monoceros	40151	201	GCF_005190385.1_NGI_Narwhal_1_cds_from_genomic.fna.gz
Lonchura_striata	40157	202	GCF_005870125.1_lonStrDom2_cds_from_genomic.fna.gz
Seriola_dumerili	41447	203	GCF_002260705.1_Sdu_1.0_cds_from_genomic.fna.gz
Phocoena_sinus	42100	204	GCF_008692025.1_mPhoSin1.pri_cds_from_genomic.fna.gz
Sorex_araneus	42254	205	GCF_000181275.1_SorAra2.0_cds_from_genomic.fna.gz
Pygocentrus_nattereri	42514	206	GCF_001682695.1_Pygocentrus_nattereri-1.0.2_cds_from_genomic.fna.gz
Hirundo_rustica	43150	207	GCA_003692655.1_Chelidonia_cds_from_genomic.fna.gz
Ictidomys_tridecemlineatus	43179	208	GCF_000236235.1_SpeTri2.0_cds_from_genomic.fna.gz
Cathartes_aura	43455	209	GCA_000699945.1_ASM69994v1_cds_from_genomic.fna.gz
Monopterus_albus	43700	210	GCF_001952655.1_M_albus_1.0_cds_from_genomic.fna.gz
Erythrura_gouldiae	44316	211	GCA_003676055.1_GouldianFinch_cds_from_genomic.fna.gz
Zonotrichia_albicollis	44394	212	GCF_000385455.1_Zonotrichia_albicollis-1.0.1_cds_from_genomic.fna.gz
Melospiza_melodia	44397	213	GCA_011057915.1_Mmel_1.0_cds_from_genomic.fna.gz
Oreochromis_aureus	47969	214	GCF_005870065.1_ASM587006v1_cds_from_genomic.fna.gz
Gulo_gulo	48420	215	GCA_900006375.2_Gulo_2.2_annotated_cds_from_genomic.fna.gz
Poecilia_formosa	48698	216	GCF_000485575.1_Poecilia_formosa-5.1.2_cds_from_genomic.fna.gz
Poecilia_latipinna	48699	217	GCF_001443285.1_P_latipinna-1.0_cds_from_genomic.fna.gz
Poecilia_mexicana	48701	218	GCF_001443325.1_P_mexicana-1.0_cds_from_genomic.fna.gz
Pontoporia_blainvillei	48723	219	GCA_011754075.1_ASM1175407v1_cds_from_genomic.fna.gz
Geospiza_fortis	48883	220	GCF_000277835.1_GeoFor_1.0_cds_from_genomic.fna.gz
Charadrius_vociferus	50402	221	GCF_000708025.1_ASM70802v2_cds_from_genomic.fna.gz
Jaculus_jaculus	51337	222	GCF_000280705.1_JacJac1.0_cds_from_genomic.fna.gz
Castor_canadensis	51338	223	GCF_001984765.1_C.can_genome_v1.0_cds_from_genomic.fna.gz
Haliaeetus_leucocephalus	52644	224	GCF_000737465.1_Haliaeetus_leucocephalus-4.0_cds_from_genomic.fna.gz
Austrofundulus_limnaeus	52670	225	GCF_001266775.1_Austrofundulus_limnaeus-1.0_cds_from_genomic.fna.gz
Scophthalmus_maximus	52904	226	GCA_003186165.1_ASM318616v1_cds_from_genomic.fna.gz
Colobus_angolensis	54131	227	GCF_000951035.1_Cang.pa_1.0_cds_from_genomic.fna.gz
Trachypithecus_francoisi	54180	228	GCF_009764315.1_Tfra_2.0_cds_from_genomic.fna.gz
Etheostoma_spectabile	54343	229	GCF_008692095.1_UIUC_Espe_1.0_cds_from_genomic.fna.gz
Mesitornis_unicolor	54374	230	GCF_000695765.1_ASM69576v1_cds_from_genomic.fna.gz
Cariama_cristata	54380	231	GCF_000690535.1_ASM69053v1_cds_from_genomic.fna.gz
Eurypyga_helias	54383	232	GCF_000690775.1_ASM69077v1_cds_from_genomic.fna.gz
Platysternon_megacephalum	55544	233	GCA_003942145.1_ASM394214v1_cds_from_genomic.fna.gz
Cuculus_canorus	55661	234	GCF_000709325.1_ASM70932v1_cds_from_genomic.fna.gz
Neotoma_lepida	56216	235	GCA_001675575.1_ASM167557v1_cds_from_genomic.fna.gz
Tyto_alba	56313	236	GCF_000687205.1_ASM68720v1_cds_from_genomic.fna.gz
Cottoperca_gobio	56716	237	GCF_900634415.1_fCotGob3.1_cds_from_genomic.fna.gz
Labrus_bergylta	56723	238	GCF_900080235.1_BallGen_V1_cds_from_genomic.fna.gz
Acanthisitta_chloris	57068	239	GCF_000695815.1_ASM69581v1_cds_from_genomic.fna.gz
Eudyptes_schlegeli	57240	240	GCA_010080425.1_BGI_Esch.V1_cds_from_genomic.fna.gz
Apaloderma_vittatum	57397	241	GCF_000703405.1_ASM70340v1_cds_from_genomic.fna.gz
Colius_striatus	57412	242	GCF_000690715.1_ASM69071v1_cds_from_genomic.fna.gz
Merops_nubicus	57421	243	GCF_000691845.1_ASM69184v1_cds_from_genomic.fna.gz
Myotis_lucifugus	59463	244	GCF_000147115.1_Myoluc2.0_cds_from_genomic.fna.gz
Rhinolophus_ferrumequinum	59479	245	GCF_004115265.1_mRhiFer1_v1.p_cds_from_genomic.fna.gz
Pantholops_hodgsonii	59538	246	GCF_000400835.1_PHO1.0_cds_from_genomic.fna.gz
Taeniopygia_guttata	59729	247	GCF_008822105.2_bTaeGut2.pat.W.v2_cds_from_genomic.fna.gz
Ficedula_albicollis	59894	248	GCF_000247815.1_FicAlb1.5_cds_from_genomic.fna.gz
Chlorocebus_sabaeus	60711	249	GCF_000409795.2_Chlorocebus_sabeus_1.1_cds_from_genomic.fna.gz
Lynx_canadensis	61383	250	GCF_007474595.1_mLynCan4_v1.p_cds_from_genomic.fna.gz
Rhinopithecus_bieti	61621	251	GCF_001698545.1_ASM169854v1_cds_from_genomic.fna.gz
Rhinopithecus_roxellana	61622	252	GCF_007565055.1_ASM756505v1_cds_from_genomic.fna.gz
Nomascus_leucogenys	61853	253	GCF_006542625.1_Asia_NLE_v1_cds_from_genomic.fna.gz
Archocentrus_centrarchus	63155	254	GCF_007364275.1_fArcCen1_cds_from_genomic.fna.gz
Anabas_testudineus	64144	255	GCF_900324465.1_fAnaTes1.1_cds_from_genomic.fna.gz
Podarcis_muralis	64176	256	GCF_004329235.1_PodMur_1.0_cds_from_genomic.fna.gz
Bos_mutus	72004	257	GCF_000298355.1_BosGru_v2.0_cds_from_genomic.fna.gz
Oncorhynchus_tshawytscha	74940	258	GCF_002872995.1_Otsh_v1.0_cds_from_genomic.fna.gz
Sinocyclocheilus_grahami	75366	259	GCF_001515645.1_SAMN03320097.WGS_v1.1_cds_from_genomic.fna.gz
Scyliorhinus_torazame	75743	260	GCA_003427355.1_Storazame_v1.0_cds_from_genomic.fna.gz
Lontra_canadensis	76717	261	GCF_010015895.1_GSC_riverotter_1.0_cds_from_genomic.fna.gz
Eudyptes_chrysocome	79626	262	GCA_010085355.1_BGI_Echrysoc.V1_cds_from_genomic.fna.gz
Eudyptes_chrysolophus	79627	263	GCA_010084205.1_BGI_Echrysol.V1_cds_from_genomic.fna.gz
Pygoscelis_antarcticus	79643	264	GCA_010078415.1_BGI_Pant.V1_cds_from_genomic.fna.gz
Microtus_ochrogaster	79684	265	GCF_000317375.1_MicOch1.0_cds_from_genomic.fna.gz
Lacerta_agilis	80427	266	GCF_009819535.1_rLacAgi1.pri_cds_from_genomic.fna.gz
Acanthochromis_polyacanthus	80966	267	GCF_002109545.1_ASM210954v1_cds_from_genomic.fna.gz
Amphiprion_ocellaris	80972	268	GCF_002776465.1_AmpOce1.0_cds_from_genomic.fna.gz
Hylobates_moloch	81572	269	GCF_009828535.2_HMol_V2_cds_from_genomic.fna.gz
Labeo_rohita	84645	270	GCA_004120215.1_ASM412021v1_cds_from_genomic.fna.gz
Corvus_brachyrhynchos	85066	271	GCF_000691975.1_ASM69197v1_cds_from_genomic.fna.gz
Camarhynchus_parvulus	87175	272	GCF_901933205.1_STF_HiC_cds_from_genomic.fna.gz
Rhinolophus_sinicus	89399	273	GCF_001888835.1_ASM188883v1_cds_from_genomic.fna.gz
Bubalus_bubalis	89462	274	GCF_003121395.1_ASM312139v1_cds_from_genomic.fna.gz
Phyllostomus_discolor	89673	275	GCF_004126475.1_mPhyDis1_v1.p_cds_from_genomic.fna.gz
Lagenorhynchus_obliquidens	90247	276	GCF_003676395.1_ASM367639v1_cds_from_genomic.fna.gz
Catharus_ustulatus	91951	277	GCF_009819885.1_bCatUst1.pri_cds_from_genomic.fna.gz
Spheniscus_demersus	92683	278	GCA_010077935.1_BGI_Sdem.V1_cds_from_genomic.fna.gz
Eudyptes_sclateri	92688	279	GCA_010078445.1_BGI_Escl.V1_cds_from_genomic.fna.gz
Marmota_flaviventris	93162	280	GCF_003676075.1_ASM367607v1_cds_from_genomic.fna.gz
Coturnix_japonica	93934	281	GCF_001577835.2_Coturnix_japonica_2.1_cds_from_genomic.fna.gz
Tinamus_guttatus	94827	282	GCF_000705375.1_ASM70537v2_cds_from_genomic.fna.gz
Gavialis_gangeticus	94835	283	GCF_001723915.1_GavGan_comp1_cds_from_genomic.fna.gz
Phaethon_lepturus	97097	284	GCF_000687285.1_ASM68728v1_cds_from_genomic.fna.gz
Tetraodon_nigroviridis	99883	285	GCA_000180735.1_ASM18073v1_cds_from_genomic.fna.gz
Pogona_vitticeps	103695	286	GCF_900067755.1_pvi1.1_cds_from_genomic.fna.gz
Protobothrops_mucrosquamatus	103944	287	GCF_001527695.2_P.Mucros_1.0_cds_from_genomic.fna.gz
Nothobranchius_furzeri	105023	288	GCF_001465895.1_Nfu_20140520_cds_from_genomic.fna.gz
Maylandia_zebra	106582	289	GCF_000238955.4_M_zebra_UMD2a_cds_from_genomic.fna.gz
Chelonoidis_abingdonii	106734	290	GCF_003597395.1_ASM359739v1_cds_from_genomic.fna.gz
Hippocampus_comes	109280	291	GCF_001891065.1_H_comes_QL1_v1_cds_from_genomic.fna.gz
Myotis_brandtii	109478	292	GCF_000412655.1_ASM41265v1_cds_from_genomic.fna.gz
Scleropages_formosus	113540	293	GCF_900964775.1_fSclFor1.1_cds_from_genomic.fna.gz
Neopelma_chrysocephalum	114329	294	GCF_003984885.1_ASM398488v2_cds_from_genomic.fna.gz
Picoides_pubescens	118200	295	GCF_000699005.1_ASM69900v1_cds_from_genomic.fna.gz
Lipotes_vexillifer	118797	296	GCF_000442215.1_Lipotes_vexillifer_v1_cds_from_genomic.fna.gz
Tauraco_erythrolophus	121530	297	GCF_000709365.1_ASM70936v1_cds_from_genomic.fna.gz
Oryzias_javanicus	123683	298	GCA_003999625.1_OJAV_1.1_cds_from_genomic.fna.gz
Nanorana_parkeri	125878	299	GCF_000935625.1_ASM93562v1_cds_from_genomic.fna.gz
Nipponia_nippon	128390	300	GCF_000708225.1_ASM70822v1_cds_from_genomic.fna.gz
Pteropus_vampyrus	132908	301	GCF_000151845.1_Pvam_2.0_cds_from_genomic.fna.gz
Condylura_cristata	143302	302	GCF_000260355.1_ConCri1.0_cds_from_genomic.fna.gz
Paroedura_picta	143630	303	GCA_003118565.1_Ppicta_assembly_v1_cds_from_genomic.fna.gz
Stegastes_partitus	144197	304	GCF_000690725.1_Stegastes_partitus-1.0.2_cds_from_genomic.fna.gz
Gekko_japonicus	146911	305	GCF_001447785.1_Gekko_japonicus_V1.1_cds_from_genomic.fna.gz
Boleophthalmus_pectinirostris	150288	306	GCF_000788275.1_BP.fa_cds_from_genomic.fna.gz
Cyanistes_caeruleus	156563	307	GCF_002901205.1_cyaCae2_cds_from_genomic.fna.gz
Betta_splendens	158456	308	GCF_900634795.2_fBetSpl5.2_cds_from_genomic.fna.gz
Terrapene_carolina	158814	309	GCF_002925995.2_T_m_triunguis-2.0_cds_from_genomic.fna.gz
Limosa_lapponica	161683	310	GCA_002844005.1_Godwit_v1_cds_from_genomic.fna.gz
Empidonax_traillii	164674	311	GCF_003031625.1_ASM303162v1_cds_from_genomic.fna.gz
Echeneis_naucrates	173247	312	GCF_900963305.1_fEcheNa1.1_cds_from_genomic.fna.gz
Bagarius_yarrelli	175774	313	GCA_005784505.1_ASM578450v1_cds_from_genomic.fna.gz
Buceros_rhinoceros	175835	314	GCF_000710305.1_ASM71030v1_cds_from_genomic.fna.gz
Nestor_notabilis	176057	315	GCF_000696875.1_ASM69687v1_cds_from_genomic.fna.gz
Python_bivittatus	176946	316	GCF_000186305.1_Python_molurus_bivittatus-5.0.2_cds_from_genomic.fna.gz
Corvus_cornix	181096	317	GCF_000738735.2_ASM73873v2_cds_from_genomic.fna.gz
Pseudopodoces_humilis	181119	318	GCF_000331425.1_PseHum1.0_cds_from_genomic.fna.gz
Salarias_fasciatus	181472	319	GCF_902148845.1_fSalaFa1.1_cds_from_genomic.fna.gz
Chrysochloris_asiatica	185453	320	GCF_000296735.1_ChrAsi1.0_cds_from_genomic.fna.gz
Hipposideros_armiger	186990	321	GCF_001890085.1_ASM189008v1_cds_from_genomic.fna.gz
Chlamydotis_macqueenii	187382	322	GCF_000695195.1_ASM69519v1_cds_from_genomic.fna.gz
Leptosomus_discolor	188344	323	GCF_000691785.1_ASM69178v1_cds_from_genomic.fna.gz
Egretta_garzetta	188379	324	GCF_000687185.1_ASM68718v1_cds_from_genomic.fna.gz
Neophocaena_asiaeorientalis	189058	325	GCF_003031525.1_Neophocaena_asiaeorientalis_V1_cds_from_genomic.fna.gz
Lynx_pardinus	191816	326	GCA_900661375.1_LYPA1.0_cds_from_genomic.fna.gz
Athene_cunicularia	194338	327	GCF_003259725.1_athCun1_cds_from_genomic.fna.gz
Rhinatrema_bivittatum	194408	328	GCF_901001135.1_aRhiBiv1.1_cds_from_genomic.fna.gz
Calidris_pugnax	198806	329	GCF_001431845.1_ASM143184v1_cds_from_genomic.fna.gz
Mastacembelus_armatus	205130	330	GCF_900324485.1_fMasArm1.1_cds_from_genomic.fna.gz
Parambassis_ranga	210632	331	GCF_900634625.1_fParRan2.1_cds_from_genomic.fna.gz
Larimichthys_crocea	215358	332	GCF_000972845.2_L_crocea_2.0_cds_from_genomic.fna.gz
Aythya_fuligula	219594	333	GCF_009819795.1_bAytFul2.pri_cds_from_genomic.fna.gz
Myotis_davidii	225400	334	GCF_000327345.1_ASM32734v1_cds_from_genomic.fna.gz
Liparis_tanakae	230148	335	GCA_006348945.1_SNU_Ltan_1.0_cds_from_genomic.fna.gz
Collichthys_lucidus	240159	336	GCA_004119915.1_ASM411991v1_cds_from_genomic.fna.gz
Pterocles_gutturalis	240206	337	GCF_000699245.1_ASM69924v1_cds_from_genomic.fna.gz
Cynoglossus_semilaevis	244447	338	GCF_000523025.1_Cse_v1.0_cds_from_genomic.fna.gz
Tupaia_chinensis	246437	339	GCF_000334495.1_TupChi_1.0_cds_from_genomic.fna.gz
Rhincodon_typus	259920	340	GCF_001642345.1_ASM164234v2_cds_from_genomic.fna.gz
Antrostomus_carolinensis	279965	341	GCF_000700745.1_ASM70074v1_cds_from_genomic.fna.gz
Sander_lucioperca	283035	342	GCF_008315115.1_SLUC_FBN_1_cds_from_genomic.fna.gz
Canis_lupus_dingo	286419	343	GCF_003254725.1_ASM325472v1_cds_from_genomic.fna.gz
Miniopterus_natalensis	291302	344	GCF_001595765.1_Mnat.v1_cds_from_genomic.fna.gz
Chiroxiphia_lanceolata	296741	345	GCF_009829145.1_bChiLan1.pri_cds_from_genomic.fna.gz
Denticeps_clupeoides	299321	346	GCF_900700375.1_fDenClu1.1_cds_from_genomic.fna.gz
Seriola_lalandi	302047	347	GCF_002814215.1_Sedor1_cds_from_genomic.fna.gz
Pundamilia_nyererei	303518	348	GCF_000239375.1_PunNye1.0_cds_from_genomic.fna.gz
Sinocyclocheilus_rhinocerous	307959	349	GCF_001515625.1_SAMN03320098_v1.1_cds_from_genomic.fna.gz
Apteryx_rowi	308060	350	GCF_003343035.1_aptRow1_cds_from_genomic.fna.gz
Pangasianodon_hypophthalmus	310915	351	GCF_003671635.1_VN_pangasius_cds_from_genomic.fna.gz
Lepidothrix_coronata	321398	352	GCF_001604755.1_Lepidothrix_coronata-1.0_cds_from_genomic.fna.gz
Manacus_vitellinus	328815	353	GCF_001715985.3_ASM171598v3_cds_from_genomic.fna.gz
Falco_cherrug	345164	354	GCF_000337975.1_F_cherrug_v1.0_cds_from_genomic.fna.gz
Eudyptes_robustus	345251	355	GCA_010085315.1_BGI_Erob.V1_cds_from_genomic.fna.gz
Eudyptula_albosignata	345258	356	GCA_010080465.1_BGI_Emin_alb.V1_cds_from_genomic.fna.gz
Podiceps_cristatus	345573	357	GCA_000699545.1_ASM69954v1_cds_from_genomic.fna.gz
Zosterops_borbonicus	364589	358	GCA_007252995.1_ZoBo_15179_v2.0_cds_from_genomic.fna.gz
Patagioenas_fasciata	372321	359	GCA_002029285.1_NIATT_ARIZONA_cds_from_genomic.fna.gz
Sphaeramia_orbicularis	375764	360	GCF_902148855.1_fSphaOr1.1_cds_from_genomic.fna.gz
Propithecus_coquereli	379532	361	GCF_000956105.1_Pcoq_1.0_cds_from_genomic.fna.gz
Amblyraja_radiata	386614	362	GCF_010909765.1_sAmbRad1.pri_cds_from_genomic.fna.gz
Corapipo_altera	415028	363	GCF_003945725.1_ASM394572v1_cds_from_genomic.fna.gz
Camelus_ferus	419612	364	GCF_009834535.1_BCGSAC_Cfer_1.0_cds_from_genomic.fna.gz
Anarrhichthys_ocellatus	433405	365	GCF_004355925.1_GSC_Weel_1.0_cds_from_genomic.fna.gz
Takifugu_flavidus	433684	366	GCA_003711565.2_ASM371156v2_cds_from_genomic.fna.gz
Takifugu_bimaculatus	433685	367	GCA_004026145.1_ASM402614v1_cds_from_genomic.fna.gz
Gouania_willdenowi	441366	368	GCF_900634775.1_fGouWil2.1_cds_from_genomic.fna.gz
Galeopterus_variegatus	482537	369	GCF_000696425.1_G_variegatus-3.0.2_cds_from_genomic.fna.gz
Grammomys_surdaster	491861	370	GCF_004785775.1_NIH_TR_1.0_cds_from_genomic.fna.gz
Anabarilius_grahami	495550	371	GCA_003731715.1_BGI_Agra_1.0_cds_from_genomic.fna.gz
Myripristis_murdjan	586833	372	GCF_902150065.1_fMyrMur1.1_cds_from_genomic.fna.gz
Piliocolobus_tephrosceles	591936	373	GCF_002776525.3_ASM277652v3_cds_from_genomic.fna.gz
Danionella_translucida	623744	374	GCA_007224835.1_ASM722483v1_cds_from_genomic.fna.gz
Pipra_filicauda	649802	375	GCF_003945595.1_ASM394559v1_cds_from_genomic.fna.gz
Coregonus_sp._balchen_	861768	376	GCA_902810595.1_AWG_v2_cds_from_genomic.fna.gz
Fukomys_damarensis	885580	377	GCF_000743615.1_DMR_v1.0_cds_from_genomic.fna.gz
Balearica_regulorum	925459	378	GCF_000709895.1_ASM70989v1_cds_from_genomic.fna.gz
Nannospalax_galili	1026970	379	GCF_000622305.1_S.galili_v1.0_cds_from_genomic.fna.gz
Corvus_moneduloides	1196302	380	GCF_009650955.1_bCorMon1.pri_cds_from_genomic.fna.gz
Tachysurus_fulvidraco	1234273	381	GCF_003724035.1_ASM372403v1_cds_from_genomic.fna.gz
Microcaecilia_unicolor	1415580	382	GCF_901765095.1_aMicUni1.1_cds_from_genomic.fna.gz
Eudyptes_filholi	1419345	383	GCA_010085365.1_BGI_Echrysoc_fil.V1_cds_from_genomic.fna.gz
Triplophysa_tibetana	1572043	384	GCA_008369825.1_ASM836982v1_cds_from_genomic.fna.gz
Sinocyclocheilus_anshuiensis	1608454	385	GCF_001515605.1_SAMN03320099.WGS_v1.1_cds_from_genomic.fna.gz
Paramormyrops_kingsleyae	1676925	386	GCF_002872115.1_PKINGS_0.1_cds_from_genomic.fna.gz
Gopherus_evgoodei	1825980	387	GCF_007399415.2_rGopEvg1_v1.p_cds_from_genomic.fna.gz
Carlito_syrichta	1868482	388	GCF_000164805.1_Tarsius_syrichta-2.0.1_cds_from_genomic.fna.gz
Eudyptula_novaehollandiae	2052820	389	GCA_010078495.1_BGI_Enov.V1_cds_from_genomic.fna.gz
Strigops_habroptila	2489341	390	GCF_004027225.2_bStrHab1.2.pri_cds_from_genomic.fna.gz
Eudyptes_moseleyi	2495534	391	GCA_010082375.1_BGI_Emos.V1_cds_from_genomic.fna.gz
Apteryx_mantelli	2696672	392	GCF_001039765.1_AptMant0_cds_from_genomic.fna.gz
