dim,dim_r^2,dim_ci,num_var_sites,mean_alpha,max_dist,mean_dist,std_dist,mode,n_seq_from_dim_log10,n_seq_from_dim_log20,log10_nseq_ci,log20_nseq_ci,F
20.026571755733872,0.9919515186997289,1.185989286301727,97,1.4,0.25,0.1735458193979933,0.016170593949631076,random_aa,37.551048937710895,28.862554332228676,2.223802569541937,1.7092631045812423,0.07
21.02186365782253,0.9624457545887496,2.73007773359598,103,1.4,0.24,0.18094433296172424,0.01670897930013077,random_aa,39.04459050722127,30.010522922105917,5.070662092391241,3.8974213579168295,0.07
20.84059901149986,0.9831025301408763,1.7963213813635441,102,1.4,0.24666666666666667,0.17978387216648087,0.016731775094175325,random_aa,38.95590873048957,29.94236017641423,3.3577409048757003,2.580832814052128,0.07
19.171604011420158,0.9965595942710932,0.7405835348344619,103,1.4,0.24666666666666667,0.18086718691936085,0.016715873098767493,random_aa,35.83617033626818,27.54446127737368,1.3843222344230666,1.0640202293849321,0.07
20.275135158436427,0.9892025132015777,1.3926593579863134,100,1.4,0.24666666666666667,0.1773114083983649,0.01639844415042183,random_aa,37.8989257599821,29.12994003696307,2.603203046728194,2.0008785772841833,0.07
20.097634946196017,0.9857778478628278,1.5870861240205703,100,1.4,0.24666666666666667,0.17737577108881455,0.016488977211507144,random_aa,37.567136733003345,28.874919762192675,2.96663172496414,2.280217777338883,0.07
21.489003933337735,0.9882353675081569,1.541479239394849,94,1.4,0.23666666666666666,0.17020007432181344,0.01587906747393778,random_aa,39.78169793724853,30.577079752066687,2.8536763113068444,2.193397785460334,0.07
20.09727792513768,0.9895842598346016,1.355558691900312,105,1.4,0.25,0.1832499442586399,0.016921675508163543,random_aa,37.68362733704278,28.964456978419566,2.5417555934361995,1.9536487259381083,0.07
20.185873969228698,0.984665958137468,1.6561277194511053,102,1.4,0.24,0.17993645484949833,0.016687929214297046,random_aa,37.4918796919145,28.817075560798656,3.0759798315771447,2.364265114431368,0.07
18.806323815142733,0.9894741704536426,1.275240960364801,102,1.4,0.24666666666666667,0.179673132664437,0.016674875208156588,random_aa,35.153377006796866,27.019651448432842,2.383720853414079,1.832179781679473,0.07
43.21882306715777,0.9686669114364181,5.110339053990852,244,2.5766666666666667,0.6066666666666667,0.5058707543664065,0.02461268396989439,random_aa,97.67762543647262,75.07715099729334,11.54973107882744,8.87737493933261,0.12889
42.18714562403641,0.9723363830930573,4.678307489021882,246,2.5766666666666667,0.61,0.5093386845039019,0.024668096237535683,random_aa,95.44635358971749,73.36214684351408,10.584441876631585,8.13543262792324,0.12889
43.11141847677054,0.9828461952342068,3.7444856621450815,243,2.5766666666666667,0.6066666666666667,0.5047299145299144,0.024502259520712426,random_aa,97.43488339480018,74.89057417548182,8.462804907734446,6.504696229863209,0.12889
42.058128600983,0.9821778015090026,3.7247569057310383,244,2.5766666666666667,0.6066666666666667,0.5069965811965812,0.0245822052362043,random_aa,95.0543730832784,73.06086208624833,8.418216509842539,6.4704246158031875,0.12889
41.04866907684567,0.97943746335012,3.9103126039587317,243,2.5766666666666667,0.6066666666666667,0.5065094017094016,0.02448786809698574,random_aa,92.77292249544661,71.30728945884134,8.837585634284542,6.7927608615774275,0.12889
48.36732214877859,0.9615313617823978,6.360424930078377,240,2.5766666666666667,0.6033333333333334,0.49916871051653655,0.024272379831356182,random_aa,109.19786693909319,83.93185960586867,14.359795091701782,11.037251362043543,0.12889
39.84974725378581,0.9607932309997461,5.292410705573422,245,2.5766666666666667,0.61,0.5086680044593088,0.02478163967538967,random_aa,90.15810409980988,69.29748307132431,11.97382036812558,9.203339206652753,0.12889
43.4965389479538,0.9728282541601954,4.779228484612921,237,2.5766666666666667,0.5933333333333334,0.4951562987736901,0.024120891134043514,random_aa,97.88548127968309,75.23691352690696,10.755271377377342,8.26673590403147,0.12889
45.82796171157292,0.9767628931158059,4.647179006330429,250,2.5766666666666667,0.6233333333333333,0.5133197324414716,0.02497248456474772,random_aa,104.11387015911298,80.02418891655024,10.557654619604413,8.114843358562467,0.12889
39.865627911635855,0.9731730309566212,4.3516282643857584,237,2.5766666666666667,0.5966666666666667,0.49466302489780756,0.024109756394285684,random_aa,89.81140067264548,69.03099926363357,9.80357892511923,7.535244350854469,0.12889
53.408409993146165,0.9788344987203266,5.1633516409070515,285,3.756666666666667,0.76,0.6670953548866592,0.024856980717222015,random_aa,125.93355104572662,96.79527102790307,12.174846761411711,9.357852472262389,0.18778
60.895785501640944,0.965018544472647,7.622558282019118,284,3.756666666666667,0.7633333333333333,0.6688570048309179,0.024849631089592473,random_aa,143.70403535173122,110.45405242820078,17.98798350011249,13.825956019509231,0.18778
52.09782218720729,0.9688174260897855,6.144930663055379,289,3.756666666666667,0.7866666666666666,0.6789705685618729,0.02493400879592451,random_aa,123.62354759662652,95.01975204924864,14.581379727783165,11.20756614096476,0.18778
56.79477888455129,0.9658455363722862,7.021674895183841,288,3.756666666666667,0.77,0.6711805276848755,0.025101377750802602,random_aa,134.24081976685085,103.18041875609562,16.596514901164444,12.756442938653697,0.18778
54.72819338789148,0.9707123758564363,6.249860278961518,289,3.756666666666667,0.7733333333333333,0.6781189892233371,0.025078531675837543,random_aa,129.45888389384288,99.50491866082878,14.783969397130358,11.363280974613772,0.18778
52.25754497569353,0.9844465557640112,4.318457279994436,286,3.756666666666667,0.7666666666666667,0.668756447417317,0.024947222196453123,random_aa,123.41809861103671,94.86183948284008,10.19902076681568,7.839189565810591,0.18778
62.87298453960025,0.9827385683222053,5.478301012486534,283,3.756666666666667,0.77,0.6718871051653661,0.02494522851313682,random_aa,148.60733946937273,114.2228388005235,12.948577902568436,9.95255908451221,0.18778
56.544385751180705,0.972135110015797,6.293862505147646,284,3.756666666666667,0.77,0.6679690078037904,0.02474999094938446,random_aa,133.64898755713338,102.72552362555297,14.87624881696096,11.434208947172552,0.18778
53.50552853587533,0.9758999654199644,5.5279899960710965,284,3.756666666666667,0.7666666666666667,0.6652051282051282,0.02480181649168649,random_aa,126.36549612401042,97.1272734257904,13.055607850947894,10.034824634681046,0.18778
61.02953733743834,0.9596510104142998,8.227391343172581,283,3.756666666666667,0.76,0.6671336306205871,0.024793625184340373,random_aa,143.90367278426118,110.60749810831216,19.3996527479765,14.910995759229884,0.18778
77.73088978861786,0.9685292801903158,9.211980466582043,293,4.933333333333334,0.8433333333333334,0.7508876254180602,0.023360798863588963,random_aa,186.7966963802834,143.57601054766738,22.137499299914094,17.01536426807455,0.24667
67.42034793660726,0.9760098744691268,6.949323871841996,299,4.933333333333334,0.8666666666666667,0.7689719063545151,0.02367172217781209,random_aa,162.81834337782584,125.14572601743238,16.782431936915792,12.899342822876939,0.24667
75.51870604320202,0.977762652212727,7.487584221937948,299,4.933333333333334,0.85,0.7604043106651802,0.023729587327880337,random_aa,181.73880046734618,139.6884015534136,18.019172284476983,13.849928398676843,0.24667
69.69841896715708,0.9676459038626164,8.378991303789054,299,4.933333333333334,0.86,0.7680906726124118,0.023638755000464175,random_aa,168.08608065567736,129.19462365653956,20.206940544312218,15.531494747743764,0.24667
67.63877930839615,0.9745798491018653,7.181886179568094,293,4.933333333333334,0.8366666666666667,0.7536501672240803,0.023424379365371114,random_aa,162.31100125941362,124.75577181183907,17.2341835357774,13.246568944001885,0.24667
72.67945493945,0.9521496326627509,10.711840713624445,298,4.933333333333334,0.8566666666666667,0.7627000371609067,0.023669919880428412,random_aa,175.15262584424482,134.62612424616358,25.814819747612283,19.841832881368486,0.24667
76.55412532772674,0.9776509483631185,7.6097194144423295,297,4.933333333333334,0.8566666666666667,0.7639610553697511,0.023492051771736792,random_aa,184.49032235494386,141.80328122318897,18.338914876121795,14.095689520795807,0.24667
70.22868881150994,0.9651437226986334,8.774481736298117,297,4.933333333333334,0.8533333333333334,0.7633936083240432,0.02354901819439971,random_aa,169.1275351073274,129.99510823807952,21.131057592252034,16.241791244380796,0.24667
65.49645769229528,0.9686079972608913,7.7520346858546185,297,4.933333333333334,0.8533333333333334,0.7628882199925678,0.023654032589355663,random_aa,157.7311870009422,121.23562679309636,18.66875974295878,14.349215471724133,0.24667
76.02338932547627,0.9809383829432795,6.967366277805586,295,4.933333333333334,0.85,0.7574298773690077,0.023247811508727515,random_aa,182.95334106453248,140.62192391741294,16.767246899339707,12.887671272161972,0.24667
87.18517747311324,0.9684415936065697,10.34727233783886,299,6.246666666666667,0.9,0.8186228167967299,0.021761759926826933,random_aa,211.97888127989796,162.93158650175044,25.157983020106055,19.336973862210353,0.30556
79.91569090169949,0.975680041901769,8.295110341527755,296,5.8933333333333335,0.8766666666666667,0.7961726495726497,0.022332486827958204,random_aa,193.39243559209834,148.6456394061848,20.07379995533693,15.429159990344617,0.30556
78.30711734893491,0.9660428464669348,9.652306188626442,299,6.156666666666666,0.9133333333333333,0.8188857673727239,0.02179384182556034,random_aa,190.89321939020823,146.72468738338796,23.52991484383882,18.0856051914701,0.30556
86.2661851321798,0.9735193901019943,9.353942377861737,300,6.1433333333333335,0.9,0.8152567818654776,0.02196820075853802,random_aa,209.74447660261274,161.21417438617127,22.74283654956418,17.480639666541556,0.30556
77.47093761820041,0.993964843868624,3.968806850483675,299,6.0633333333333335,0.9,0.8089125232255666,0.02218091894746209,random_aa,188.36003050031385,144.7776232124335,9.649613163211963,7.416902911825088,0.30556
79.68925882114338,0.9691293754817736,9.350697870896097,299,6.006666666666667,0.9,0.8057995540691195,0.0221628378919662,random_aa,193.75357629041497,148.92322001502566,22.734947972895363,17.474576334646745,0.30556
73.76136957892524,0.9602942803631787,9.860881621069808,299,6.113333333333333,0.91,0.8116282422891118,0.02196666810674503,random_aa,179.69469336274602,138.117256298183,24.022711472140966,18.464379416464542,0.30556
79.12989848264368,0.9823326906514285,6.976842599473867,296,6.033333333333333,0.8833333333333333,0.8020583426235601,0.02190581089687641,random_aa,191.75120000310477,147.38414997514678,16.9066050422816,12.994784977000709,0.30556
82.93287495020836,0.9793319142366168,7.920895854071376,298,6.283333333333333,0.91,0.8142602006688965,0.021704108581198662,random_aa,202.0379721653996,155.29078717534827,19.296590610788673,14.831779955189003,0.30556
78.5004077604221,0.9743303613228452,8.377049485291446,298,6.2,0.91,0.8101555555555556,0.021731907759239746,random_aa,191.23976116340862,146.99104694032002,20.40785504847901,15.685922012938565,0.30556
92.09707738933236,0.9843995425693659,7.622390982825752,299,7.27,0.92,0.8439945745076181,0.020452287614563466,random_aa,224.80059263128456,172.786633191003,18.605563377031398,14.300641368023218,0.36444
97.05785179285239,0.984576749229952,7.986495573318241,298,7.443333333333333,0.9233333333333333,0.847622519509476,0.020239572391542532,random_aa,237.06183943289759,182.210894616548,19.50685386355258,14.993392872235237,0.36444
90.70985523140362,0.9828815417744801,7.8704328215486505,299,7.123333333333333,0.92,0.8396928279450019,0.020740665027237717,random_aa,221.4145094671542,170.18401589899946,19.211010953902278,14.766001566395808,0.36444
88.55176735084424,0.9790190591130844,8.522687188836393,300,7.1066666666666665,0.93,0.8450581196581196,0.020587150375699217,random_aa,216.5625744405304,166.45471292920314,20.843119612204323,16.020475839657355,0.36444
87.19374062310129,0.9740519479840095,9.356405554750891,300,7.173333333333333,0.9233333333333333,0.8453420289855071,0.020583235622680315,random_aa,212.9689474609779,163.6925729389422,22.852831278641283,17.565184011747807,0.36444
91.46399843407212,0.98146154297146,8.264426854314992,300,7.28,0.9233333333333333,0.8489741360089187,0.020351482295188697,random_aa,223.39896577296358,171.70931225067707,20.18569539457731,15.51516526279283,0.36444
91.5518240752853,0.9823851836015871,8.059861306169534,300,7.22,0.9266666666666666,0.8482963953920477,0.02044326693016286,random_aa,223.75675918800826,171.98432006466837,19.698662081165118,15.140820847187229,0.36444
91.40261641284899,0.9834515613951463,7.795124582442528,300,7.32,0.9233333333333333,0.8467664808621329,0.02041249817438991,random_aa,223.24904142794176,171.59407713271554,19.039434089952834,14.634123850646542,0.36444
92.82211657964744,0.9846155108841824,7.628200131568392,300,7.423333333333333,0.9266666666666666,0.8516185061315497,0.020346528104180542,random_aa,226.86141097258832,174.37062306684905,18.643662833781313,14.32992544054798,0.36444
96.28335679218539,0.980934256553688,8.825118651458446,300,7.366666666666666,0.9266666666666666,0.8506613154960981,0.02034288439421039,random_aa,235.32083710146406,180.87272229366855,21.568985313456565,16.578392031959897,0.36444
104.63956978568149,0.9575454477840477,14.48574341043497,300,8.503333333333334,0.94,0.872369453734671,0.019051878385671493,random_aa,256.3930125622876,197.0692554489778,35.49367987476135,27.28121564687456,0.42333
93.17539719013367,0.9781489598170697,9.155819457897586,300,8.496666666666666,0.9433333333333334,0.8724221479004087,0.019086811398813814,random_aa,228.44617495535778,175.58870719100537,22.44811395298266,17.254109457734874,0.42333
99.71622023477497,0.9876829245407852,7.321047840125282,300,8.283333333333333,0.9466666666666667,0.8700833890746934,0.019290152390500182,random_aa,244.63563190214293,188.0322765174165,17.960860934541106,13.805109024696062,0.42333
104.15592669809807,0.9795085506129637,9.904410201513826,300,8.23,0.9366666666666666,0.866089409141583,0.019550744730878446,random_aa,255.04727596120298,196.03489297803583,24.252991855379253,18.64137793610341,0.42333
92.71809976841506,0.982883591082235,8.044188058738413,300,8.333333333333334,0.9366666666666666,0.8707508732813081,0.019202527666695605,random_aa,227.03939687250767,174.50742690727742,19.69785413793773,15.140199844420128,0.42333
87.5947549252967,0.9835680206066618,7.443603839554507,300,8.67,0.9466666666666667,0.8759863247863248,0.01886165640343485,random_aa,214.89781875015595,165.17514543581507,18.261529815623618,14.036209677320958,0.42333
100.91524288091223,0.9713814798481907,11.388010401225017,300,8.36,0.94,0.8682652545522112,0.019421624610911837,random_aa,247.26748388478694,190.0551752910154,27.903462331133206,21.447209075984954,0.42333
105.18122225360334,0.9797011168654752,9.95382249301909,300,8.336666666666666,0.9433333333333334,0.8705756967670011,0.019225923108499198,random_aa,257.8818939932503,198.2136421548376,24.404646970000776,18.757943361287264,0.42333
98.32102190690837,0.9892572225569322,6.736161124282297,300,8.333333333333334,0.9433333333333334,0.8697634336677816,0.01934018191855945,random_aa,241.06214783824453,185.2856188109778,16.51562847202139,12.694271866954637,0.42333
100.38179825512142,0.9794450549267291,9.560607767110092,300,8.563333333333333,0.9433333333333334,0.8746188777406168,0.019035209486039865,random_aa,246.11473133544257,189.16914456675366,23.440568438768697,18.01693159795735,0.42333
113.54644140310035,0.9558246765383435,16.048582755710893,300,9.55,0.9566666666666667,0.8882327759197324,0.018228436666885943,random_aa,279.0837427632474,214.50984504074935,39.44552102349913,30.318686851926188,0.48222
101.66848387989371,0.9869890656043333,7.674442358437768,300,9.5,0.9566666666666667,0.8870143441099962,0.01814283358172978,random_aa,249.8891259967825,192.07022653559304,18.862872940332714,14.498415104338957,0.48222
108.18562185529554,0.9882084785607447,7.7694913735195135,300,9.57,0.9666666666666667,0.8888862133036046,0.018077819023164778,random_aa,266.3960586579333,204.75781461285828,19.13158000284766,14.704949206865788,0.48222
101.79169143476008,0.9857079904841628,8.058370835333891,300,9.53,0.9566666666666667,0.8865780750650315,0.01817796276121753,random_aa,250.1919556154294,192.30298797818557,19.80652379333635,15.22372570912793,0.48222
99.70945432710502,0.9844195538264239,8.247049044667667,300,9.493333333333334,0.9566666666666667,0.888347231512449,0.018010180037689907,random_aa,245.07406272381627,188.36926399897692,20.270272548366027,15.580173105863777,0.48222
116.92948800580677,0.9806964495288111,10.785437157620782,300,9.616666666666667,0.9566666666666667,0.8904798216276478,0.017997306881617013,random_aa,287.39887176384696,220.90103435099726,26.509330738078248,20.375649159840624,0.48222
100.4731732240351,0.9697750028433575,11.661654455220033,300,9.443333333333333,0.96,0.887906800445931,0.018210939975111078,random_aa,247.10296744852383,189.92872437381024,28.680585362012117,22.044522768573806,0.48222
107.26308695440596,0.9660606166833715,13.217900689283606,300,9.46,0.9566666666666667,0.8884526198439242,0.018156817642167034,random_aa,263.63999961303847,202.639447585134,32.48803881701794,24.97101444647143,0.48222
103.34695573933168,0.986481387400235,7.9539290057566845,300,9.536666666666667,0.9533333333333334,0.8883687848383501,0.018169791336251805,random_aa,253.85795170538495,195.12075244339653,19.53776103966058,15.017148801161555,0.48222
104.13281021219841,0.9909655292167726,6.536903626018718,300,9.443333333333333,0.9633333333333334,0.886414269788183,0.018163091592901096,random_aa,256.26020801137605,196.96717897775565,16.086652031576918,12.36455122878784,0.48222
113.71795759388823,0.9825029616312695,9.977156796975438,300,10.67,0.9633333333333334,0.9015147528799702,0.01712442603902708,random_aa,279.8482765254801,215.09748234717634,24.55276363852068,18.871789059705858,0.54111
105.12705315745883,0.9665970973862119,12.848317483973029,300,10.873333333333333,0.96,0.9036578223708658,0.017098536820930973,random_aa,258.5486847957196,198.72615209288023,31.59905550042885,24.28772250120356,0.54111
117.66195427310677,0.9742421384174981,12.578241051958422,300,10.876666666666667,0.97,0.9044589371980677,0.0170142340919102,random_aa,289.9064642038882,222.82842453292886,30.99143994169508,23.820695944737682,0.54111
116.53330055288679,0.9869206805824674,8.819904927429217,300,10.81,0.9666666666666667,0.9021440356744703,0.017044666713125888,random_aa,286.9513659699857,220.5570716480983,21.718116234960842,16.693017307319646,0.54111
110.75239288900674,0.9912759131451198,6.830904918387724,300,10.806666666666667,0.9666666666666667,0.9027296915644741,0.017089567145088556,random_aa,272.71647051240876,209.61582086601146,16.820406594876065,12.92853097233301,0.54111
110.6948532795425,0.9827009664704196,9.655840117135238,300,11.14,0.9666666666666667,0.9055092530657749,0.0168756109625869,random_aa,272.57478509326415,209.50691836597932,23.77652137246623,18.275152342150168,0.54111
122.26571727136051,0.9871802034017945,9.16029493551551,300,10.736666666666666,0.96,0.9025854329245635,0.01712292007914119,random_aa,300.6993865676781,231.12409980541307,22.528760550065776,17.31609618928748,0.54111
120.67479810531445,0.9882428848056468,8.653614171610908,300,10.89,0.9633333333333334,0.9039543664065403,0.01703799787409185,random_aa,296.96835033245026,228.25634406752653,21.295660446964774,16.368308584689107,0.54111
115.34503823778812,0.9927853839517101,6.464579045641074,300,11.086666666666666,0.9666666666666667,0.9057366034931252,0.016927606928827787,random_aa,284.025391224308,218.30810371082606,15.918366499246124,12.235203302228385,0.54111
109.83059966688194,0.9881722356185193,7.899885045483805,300,10.65,0.96,0.9013558528428093,0.017116562903306223,random_aa,270.11655174682096,207.6174666587659,19.428917935024362,14.933489619590826,0.54111
129.16892832369086,0.9898315306610681,8.607313365177285,300,12.12,0.9733333333333334,0.9145455221107396,0.01610138170564736,random_aa,318.4508608291974,244.76826967135054,21.220322767550858,16.310402402921586,0.6
126.33817092830914,0.9718753323971798,14.129780426092026,300,11.95,0.9666666666666667,0.9129468599033815,0.016166827388316204,random_aa,311.0948591520845,239.11428651828822,34.79314303196087,26.742767767013834,0.6
123.55859885351751,0.9797896791748165,11.666902187517715,300,11.956666666666667,0.97,0.9129419546636938,0.016215336066215086,random_aa,304.435165444104,233.99550084065152,28.745998503009243,22.09480073388985,0.6
135.30512609676134,0.975770540176872,14.017632624378628,300,12.073333333333334,0.9733333333333334,0.913975845410628,0.016146015918264,random_aa,333.5789375920213,256.3960390642486,34.55883109004696,26.56267050354196,0.6
124.87320611474632,0.982193962034692,11.053929446343993,300,11.973333333333333,0.97,0.9133300631735414,0.016132395045623627,random_aa,307.6742170583156,236.48510648003463,27.235699263591837,20.933951833825386,0.6
126.42053893908927,0.9899907362042594,8.35729145456216,300,11.99,0.97,0.9130835377183204,0.01623434180538061,random_aa,311.48667955584193,239.41544821714473,20.59147182180754,15.82705386534818,0.6
126.63683196962371,0.9820306812078224,11.26226454133013,300,11.983333333333333,0.9733333333333334,0.9134187290969898,0.016145179045509574,random_aa,312.20827389966513,239.97008135106793,27.765793868670887,21.34139409637562,0.6
133.34395842885723,0.9838145401254725,11.244539000951233,300,12.1,0.97,0.9146827201783725,0.016218501834084822,random_aa,328.5452442964896,252.52703272903128,27.705340808822342,21.29492855749487,0.6
115.10912119116809,0.9907813867351959,7.299885112826007,300,11.906666666666666,0.9733333333333334,0.9133673727238945,0.01616759526414578,random_aa,283.7880534300035,218.12568071128302,17.99701157470484,13.83289519433413,0.6
122.47340078173275,0.9624292524159821,15.909066484773678,300,12.026666666666667,0.9766666666666667,0.9137785209959123,0.016112634619110857,random_aa,302.1256667431082,232.2203698223869,39.245560981348966,30.164993207032076,0.6
8.277981682770088,0.9877452563622195,0.6062008045376964,42,1.1633333333333333,0.10666666666666667,0.0629718320327016,0.010883986686141234,starlike,12.459603950353978,9.576723051642798,0.9124231278074234,0.7013082948497031,0.07
8.152939443511837,0.9895069652099019,0.5519728971451306,40,1.1433333333333333,0.10333333333333333,0.061293348197696024,0.010559968328714722,starlike,12.158981578204065,9.34565814679678,0.8231912348369728,0.6327227178316183,0.07
10.118482741206552,0.9844084430998172,0.8372109130210618,45,1.18,0.11333333333333333,0.06877428465254552,0.011005957090458141,starlike,15.49624299061376,11.910749976756104,1.2821708624094534,0.9855044592996466,0.07
8.369918091071268,0.9902590931323084,0.5457690359026828,37,1.15,0.09666666666666666,0.054031884057971026,0.00980957419813181,starlike,12.240151458960876,9.40804708558169,0.7981315454193267,0.6134612945737657,0.07
9.254171278134207,0.9844527813074997,0.7645904166831633,42,1.1633333333333333,0.11,0.06565165366034934,0.01089992982829776,starlike,14.05258808786436,10.801125365824186,1.161041206030426,0.8924015663742542,0.07
8.791956625674354,0.9888540316996749,0.6136782804129635,47,1.1666666666666667,0.11666666666666667,0.06915265700483092,0.011481261104939546,starlike,13.575379273017449,10.43433227386064,0.9475610222974846,0.7283160460984579,0.07
9.356230274800614,0.98686620488059,0.7096256265802626,42,1.1633333333333333,0.11333333333333333,0.064488740245262,0.010753979018040838,starlike,14.328869408849606,11.013481208430449,1.0867766861005723,0.8353202383669374,0.07
9.517650533150503,0.9885565393789304,0.6732402861781084,50,1.1833333333333333,0.12666666666666668,0.07500438498699369,0.011910255503045834,starlike,15.035828190602402,11.556865130483683,1.0635739606857826,0.8174861180990582,0.07
9.079510449284548,0.9880367861858225,0.6568439686358732,45,1.1766666666666667,0.11333333333333333,0.06825655890003718,0.011265087410983077,starlike,13.90507883014414,10.687746536579795,1.0059426897522041,0.7731894676562171,0.07
8.948090844275358,0.9925390126233904,0.5100551682877402,44,1.16,0.11,0.06338268301746562,0.010896813066388738,starlike,13.587800682325826,10.44387963967832,0.7745258831516953,0.5953174682620717,0.07
14.921727314176652,0.9937552991073808,0.7776740362457718,130,1.7933333333333332,0.29333333333333333,0.21509847640282423,0.021391615827343766,starlike,29.015040200966375,22.301592044508194,1.5121736880609855,1.1622896421302316,0.12889
15.971611626942481,0.9864910667238692,1.2287827315933868,139,1.8566666666666667,0.31333333333333335,0.22343522853957637,0.023597911183804797,starlike,31.514031767997007,24.222371408057974,2.4245454337292336,1.8635584435483101,0.12889
15.087217666998535,0.9930949584668812,0.8271024808837625,129,1.7966666666666666,0.3,0.2143515421776291,0.02193232590879473,starlike,29.484082114012537,22.6621078778167,1.6163588278057752,1.242368610403072,0.12889
16.836189300832956,0.9915682777234006,1.0207115828630506,135,1.77,0.3,0.21436120401337794,0.022399663362503867,starlike,32.901996828655314,25.289191593052983,1.9947179651080735,1.5331836865836965,0.12889
17.254023319159696,0.9925113642940092,0.9853406438501601,133,1.8033333333333332,0.31333333333333335,0.22311460423634333,0.021743820461220417,starlike,34.044393997692715,26.16726294639974,1.9442030696646113,1.4943568373858946,0.12889
16.941860967032238,0.9962101753856155,0.6870013511797686,151,1.8066666666666666,0.33,0.23977673727238943,0.023058684044304046,starlike,33.809774007788015,25.986928910530754,1.3710040751504171,1.0537836020073654,0.12889
17.59245678903194,0.9964757911432127,0.6878382842258587,137,1.8466666666666667,0.32,0.23415964325529545,0.023160981157048118,starlike,34.87302101138967,26.804163722291587,1.3634820438042141,1.0480020048333785,0.12889
15.704537520556276,0.9975886072538334,0.5076282635848979,136,1.76,0.30666666666666664,0.2162735785953177,0.022182230572947933,starlike,30.840379616959964,23.70458768801911,0.9968742048445834,0.766219232582588,0.12889
17.404267953547187,0.994493034109214,0.8514781148540722,147,1.8466666666666667,0.3233333333333333,0.24022006688963213,0.023540964580879564,starlike,34.578307625703374,26.57764059317965,1.6916926509383778,1.3002718281487597,0.12889
15.802079521820534,0.9953826178890935,0.7075864914443216,127,1.8066666666666666,0.2966666666666667,0.21524986993682652,0.021419005795920997,starlike,30.80441590404517,23.676945194737133,1.3793620352584965,1.060207712239977,0.12889
15.4939909369967,0.998188983788278,0.4338908470259936,210,2.5933333333333333,0.4766666666666667,0.3616441471571906,0.033778346626928045,starlike,33.39475703066605,25.667937820006234,0.9351805789213644,0.7188001675888299,0.18778
14.207159154256264,0.9985788767021173,0.35236628378910007,202,2.7066666666666666,0.4866666666666667,0.3559143069490895,0.0338542213238284,starlike,30.749305488098553,23.634586128358734,0.7626449726010881,0.5861855415653748,0.18778
16.53914571212289,0.9979191400269386,0.4965342763891092,193,2.6066666666666665,0.45,0.34522712746191,0.029078860853382658,starlike,35.23390061259478,27.081543646204054,1.057783736206952,0.8130356254139334,0.18778
23.739162474861587,0.9829829608018926,2.053509924011876,191,2.5733333333333333,0.45,0.34890538833147533,0.02906786554059801,starlike,50.57233945598712,38.87100191735203,4.374661535062113,3.3624601659007123,0.18778
14.434449859650684,0.9981089604012958,0.41307030854184235,201,2.716666666666667,0.48,0.36138342623560016,0.03260961911867147,starlike,31.15477517109958,23.946238960616526,0.8915554605549246,0.6852689511589,0.18778
20.09170532316897,0.9882665350651573,1.439313184051982,209,2.6866666666666665,0.47,0.3648575994054255,0.03249265664454356,starlike,43.18147708639458,33.19022407654552,3.09339940426139,2.377654177513926,0.18778
18.196201753726974,0.9860803306018111,1.4213514086042158,195,2.61,0.47,0.35224065403195837,0.030890209390887855,starlike,39.10762458684335,30.058972289016868,3.0547956131718266,2.3479824626278583,0.18778
18.49406219530962,0.9843216217043286,1.5345349327377997,194,2.6566666666666667,0.45666666666666667,0.3436638424377555,0.03217631528246197,starlike,39.51664306298783,30.37335280100171,3.27887235180083,2.5202127258622165,0.18778
13.582232218863165,0.9989490087180085,0.28964194588578035,202,2.6733333333333333,0.45666666666666667,0.35488896321070235,0.03255864077917108,starlike,29.02143492993932,22.30650717251774,0.6188839028853499,0.4756876512823997,0.18778
15.636245837290192,0.9961748891707198,0.6370142018041894,196,2.526666666666667,0.46,0.3392154589371981,0.031198749190269853,starlike,33.45967545704567,25.717835536888995,1.3631333681813618,1.047734005153114,0.18778
16.54631393075997,0.994652377371992,0.7976426762261121,248,3.6866666666666665,0.61,0.4574815310293572,0.04034939607898264,starlike,37.435225983669675,28.773530286336396,1.8046275420432631,1.3870760459464047,0.24667
16.14867810242436,0.9977641725426387,0.5025792756357789,236,3.6966666666666668,0.5866666666666667,0.4534598290598291,0.04011899002844263,starlike,36.262061247446866,27.87181031052286,1.1285481300210007,0.867426680231954,0.24667
17.19228053237407,0.9839681578655295,1.4427699528607387,243,3.6333333333333333,0.5866666666666667,0.4611041248606466,0.03951348228302365,starlike,38.60548372406057,29.673015881819268,3.239758205890413,2.4901487411418217,0.24667
19.53200561122183,0.9985739250784704,0.48527767178105186,241,3.66,0.6033333333333334,0.46634463024897815,0.03804359142122504,starlike,44.09699059268022,33.893907703623164,1.0956010024424812,0.8421028001612989,0.24667
20.259249783330947,0.9885572550663729,1.433012445703898,235,3.5933333333333333,0.58,0.44771363805276854,0.03732214487753456,starlike,45.39184687281158,34.88916245135903,3.2107349580014786,2.467840840489522,0.24667
13.734355490244447,0.9993313456741604,0.23356984197624897,245,3.6166666666666667,0.5933333333333334,0.4619354886659234,0.0419818721864875,starlike,30.90806831406708,23.756614695338467,0.5256302443194782,0.4040108576061097,0.24667
15.504543715563809,0.9946629596280243,0.7466785399217751,241,3.6433333333333335,0.5933333333333334,0.4657121516164994,0.04024125605894821,starlike,34.89173530417746,26.81854793545359,1.6803403215347628,1.2915461804377542,0.24667
15.251139643868365,0.9992477380293389,0.2751139882687357,248,3.76,0.6066666666666667,0.4607201783723523,0.041366789906757157,starlike,34.468664343271776,26.493366377522047,0.6217772533206309,0.4779115434639204,0.24667
18.518847112235072,0.9635877128479217,2.3667626521966447,235,3.7,0.57,0.4444510590858417,0.037508138286066806,starlike,41.35251357056788,31.78444287094519,5.284971796576525,4.062144465684926,0.24667
16.652067198071258,0.9997588382334792,0.1700345456838572,243,3.65,0.6033333333333334,0.46474537346711253,0.03826810178507033,starlike,37.59501534036741,28.896347867199463,0.38388335077805996,0.2950611070132514,0.24667
16.276289765705886,0.9986076974399701,0.3995647593925452,257,4.503333333333333,0.6366666666666667,0.5059727238944629,0.04195616617753938,starlike,37.126760050567825,28.53643664965631,0.9114205485507055,0.7005376905899557,0.30556
20.532179325254294,0.9881700591166167,1.4769741652147015,257,5.01,0.6633333333333333,0.5328868821999256,0.04508098181545004,starlike,47.20046360725661,36.27930467749733,3.395346603481475,2.6097373733098737,0.30556
13.956596115189889,0.999209636896414,0.2580637127874356,263,4.836666666666667,0.67,0.5216138981791155,0.04834281166513652,starlike,32.14477714751546,24.707176048704675,0.5943713258553152,0.4568467505255153,0.30556
18.974679415002882,0.9885647271536377,1.3417066303892424,267,4.903333333333333,0.6833333333333333,0.5318623560014863,0.045488433184407,starlike,43.86478839992805,33.71543203932177,3.101695483206437,2.384030724536436,0.30556
16.54754924780658,0.994039160852348,0.8424575854111295,259,4.98,0.6733333333333333,0.5356431809736157,0.04268881425814416,starlike,38.14791531941635,29.32131883703999,1.9421607482282435,1.4927870646341714,0.30556
13.13541053659862,0.9996769777076226,0.15523600635880713,268,4.8,0.6866666666666666,0.5338312151616499,0.04748220971623621,starlike,30.393595866727136,23.361179963583968,0.35919550653466126,0.2760854920576567,0.30556
17.930566879706692,0.998158011573782,0.506407616103212,260,4.93,0.6833333333333333,0.5323547380156076,0.04335217682121887,starlike,41.451057215080375,31.860185663072134,1.1706897617946406,0.8998176565461725,0.30556
15.214758703756308,0.9981160993065277,0.43457621214578107,272,4.8133333333333335,0.6966666666666667,0.539003270159792,0.04702469459607425,starlike,35.30046590059604,27.132707176809117,1.0082803846422437,0.7749862708796866,0.30556
15.979093251048958,0.9964998388602849,0.622615520644896,262,5.033333333333333,0.6866666666666666,0.5395378669639539,0.04523444286727029,starlike,36.97350008482415,28.418637700935335,1.4406496441132988,1.1073147036691207,0.30556
16.324791256466582,0.9954241996520804,0.7276783959071894,271,4.723333333333334,0.68,0.538523597175771,0.04489431656618966,starlike,37.70423036286576,28.980292912941938,1.6806679753713314,1.2917980223150825,0.30556
16.49225159816499,0.9969433401366913,0.6003861690033474,284,6.22,0.75,0.6042865849126718,0.05025126036708798,starlike,38.79278589349787,29.816980409971222,1.4122178508455279,1.0854614079245744,0.36444
15.803537765179401,0.9990381769440644,0.32238384924812213,275,5.913333333333333,0.7366666666666667,0.5903352657004831,0.047960999487100905,starlike,37.04969183357745,28.477200339004575,0.755794205338163,0.5809198925905187,0.36444
16.387925305698698,0.9987080724175966,0.3875129222611226,287,6.18,0.7633333333333333,0.5952832404310665,0.05269571629973511,starlike,38.67280761832354,29.724762493724715,0.9144667438170158,0.7028790626386113,0.36444
16.286529837258087,0.9967498273839818,0.6114361282965898,281,6.316666666666666,0.7566666666666667,0.6049175771088814,0.051520421107867045,starlike,38.37148542052735,29.49315968763998,1.440559328288817,1.1072452849587275,0.36444
16.729473043036617,0.9993007294250327,0.29095055805276754,285,6.22,0.7466666666666667,0.6072717205499814,0.04881493496979926,starlike,39.3184108671716,30.220987216444176,0.6838059724967357,0.5255881684324696,0.36444
17.12424874933224,0.9984745771497048,0.4400485095460282,279,6.6466666666666665,0.7733333333333333,0.6240950575994053,0.04935574261393398,starlike,40.50720466682843,31.134720030921006,1.0409294621002783,0.8000810631341666,0.36444
17.185883246107068,0.9977747654215221,0.5335878198285491,278,6.076666666666667,0.7366666666666667,0.5906083240431066,0.045383956641680066,starlike,40.2904518986278,30.968119130924073,1.2509391621385333,0.9614990940313531,0.36444
16.013422187694026,0.9968694345882237,0.5899820702330129,277,6.32,0.7633333333333333,0.6089576365663322,0.049738285091099635,starlike,37.7890418722092,29.04548088679811,1.3922606232802075,1.0701218480129404,0.36444
15.666757442816845,0.9955129226840381,0.6915122110428032,281,6.24,0.7633333333333333,0.6051785953177257,0.05295242495830159,starlike,36.970970106771716,28.416693104684004,1.631855052090116,1.2542793460017791,0.36444
13.38441645303894,0.9988866969211868,0.2937720270812257,279,6.046666666666667,0.7533333333333333,0.5958697881828317,0.05031516368782588,starlike,31.508367725162287,24.21801790133361,0.6915712081373522,0.5315566977257957,0.36444
16.168539095035047,0.9942929084367023,0.8053477296912502,285,7.116666666666666,0.7733333333333333,0.6334891861761427,0.050865748820460396,starlike,38.24648496254419,29.397081612269112,1.9050403782438166,1.4642555395285706,0.42333
18.24500853790991,0.9985338919820667,0.45962967340585464,295,7.366666666666666,0.8066666666666666,0.6536697881828316,0.05271950757120604,starlike,43.492731705113805,33.42946115774777,1.0956722781254433,0.8421575842040955,0.42333
15.67692753074899,0.9966205090694296,0.6001835552213411,290,7.39,0.8033333333333333,0.6411068747677443,0.05224496036574515,starlike,37.342708553455246,28.702419373811114,1.4296474572104092,1.0988581831126714,0.42333
19.225512278917016,0.9920750626776144,1.1297074185192149,290,7.333333333333333,0.8133333333333334,0.6570888145670755,0.05128245718525911,starlike,45.8987924208368,35.278811844312884,2.6970519977121623,2.0730129256825633,0.42333
15.531591359342283,0.9988048978461803,0.3532161454746794,288,7.21,0.8033333333333333,0.6419661835748792,0.05187432140157611,starlike,36.996515316261885,28.436327709247546,0.8413668782332903,0.6466929133358669,0.42333
13.667533835475684,0.9976394288277857,0.4370934647904112,281,7.173333333333333,0.78,0.6356022296544035,0.05169677510644229,starlike,32.38133789469866,24.889001792900885,1.0355687679517842,0.795960716819047,0.42333
20.466980961511513,0.9803076834214367,1.9071436016641317,291,7.53,0.81,0.657330806391676,0.052337832862320445,starlike,48.82615818339908,37.52884894746845,4.549693740782833,3.4969937326163603,0.42333
16.586756135905947,0.9963150520840525,0.6631949325142158,293,7.543333333333333,0.8,0.6635087328130806,0.05112471621189108,starlike,39.47998341821229,30.34517539932941,1.5785440338165062,1.2133033358780445,0.42333
14.716559047584454,0.9972478537617613,0.50827983938807,295,7.58,0.8133333333333334,0.6503381642512077,0.054995080815108364,starlike,35.1341633489163,27.00488341238095,1.2134621174881615,0.9326934210066928,0.42333
17.803034380757957,0.9996137151804089,0.23008809931454527,291,7.43,0.7966666666666666,0.6494465254552211,0.0508436845953155,starlike,42.34269960170225,32.545521427499935,0.547241052442861,0.4206213955609658,0.42333
15.87353272395382,0.9942327255559101,0.7948355482753466,292,8.476666666666667,0.8233333333333334,0.6694162764771461,0.05912817744255943,starlike,37.98055338607191,29.19268080878375,1.901800594700898,1.461765371312837,0.48222
15.108691350975155,0.983475085757556,1.2875887801166395,296,8.863333333333333,0.85,0.6927935340022295,0.05877237619790726,starlike,36.359672809896686,27.94683668406931,3.0986341352266336,2.3816777057820593,0.48222
17.561333074711577,0.9964014706518227,0.6938494253613443,296,8.723333333333333,0.8566666666666667,0.7009612040133779,0.05324992926814717,starlike,42.321638266600836,32.52933322648104,1.6721307127826885,1.2852360962894755,0.48222
16.448020879960175,0.9943476068750102,0.8153106594775917,295,8.756666666666666,0.8366666666666667,0.6885273132664437,0.05720455279586882,starlike,39.46988347601185,30.337412363708324,1.9564795643917519,1.5037928186992042,0.48222
21.76955614041051,0.9842798881819693,1.8087581147899092,292,8.73,0.8333333333333334,0.6825478260869565,0.05294629255433593,starlike,52.20208964012239,40.12366341598529,4.337293449464933,3.3337382411782084,0.48222
16.12207324461251,0.9991191158500944,0.31472704343589725,296,8.77,0.8566666666666667,0.6982489037532515,0.05630902887338953,starlike,38.85311832896492,29.863353234324325,0.7584711267842958,0.5829774327356763,0.48222
14.031610092124245,0.9990736018699845,0.2809118173598227,300,8.893333333333333,0.8566666666666667,0.7107323671497585,0.05458807598228763,starlike,33.8152419346799,25.991131678268705,0.6769786933906277,0.5203405729666758,0.48222
22.355741574800053,0.9526685155535205,3.2760886526723896,298,8.86,0.88,0.7043264957264957,0.055018219365077746,starlike,54.13675158562295,41.61068673746775,7.933389146085154,6.097775741162943,0.48222
16.136263230592075,0.99946486555513,0.24547827647640924,294,8.476666666666667,0.84,0.6859824600520252,0.051528564445743476,starlike,38.749631248137156,29.78381080934361,0.5894916658805706,0.45309613755655437,0.48222
15.624069264976553,0.99977784150993,0.15312153283999363,295,8.826666666666666,0.8366666666666667,0.685428911185433,0.05585412581679171,starlike,37.49266843776379,28.817681808042703,0.3674417185490285,0.28242371027080315,0.48222
15.178932879702177,0.9988392755243699,0.3401891159538449,299,10.023333333333333,0.8766666666666667,0.7381400222965441,0.055192048203633236,starlike,36.73234587817548,28.23328132371699,0.8232426067261558,0.6327622033848755,0.54111
17.36900663534482,0.9805320352547743,1.609039743851109,295,9.706666666666667,0.87,0.7117902638424378,0.05970387065160725,starlike,41.97464500720167,32.26262664742014,3.8884706229078017,2.9887632382551788,0.54111
20.623498832002646,0.9877076175220441,1.5126156369907984,299,10.243333333333334,0.8933333333333333,0.738053586027499,0.05296119380158879,starlike,50.07663508859771,38.489992740744675,3.6728346581693776,2.823020737730912,0.54111
15.236787246675398,0.9901151898471591,1.0009148129731675,299,10.056666666666667,0.8766666666666667,0.7291025641025641,0.057063363327774515,starlike,36.87235088610756,28.34089222308033,2.422169555402968,1.8617322917038608,0.54111
17.863355196609344,0.9992698258180277,0.31746605255883,299,9.733333333333333,0.8833333333333333,0.7239988108509848,0.05227463326855904,starlike,43.28730177485123,33.271563237678876,0.7692983019781906,0.59129943547964,0.54111
16.392766010233892,0.9983242940514858,0.4415478089623515,299,9.613333333333333,0.87,0.7179533259011519,0.05411610533687137,starlike,39.61542236764936,30.449276726653494,1.0670623210648835,0.8201673478867855,0.54111
18.479589895140613,0.972036089614281,2.060689192737377,299,9.743333333333334,0.8866666666666667,0.7186628762541806,0.057495678437780084,starlike,44.8108181891995,34.44257114635568,4.996927382272964,3.8407472532735722,0.54111
13.810809935619565,0.9988716503108278,0.30517473079412843,298,9.773333333333333,0.8733333333333333,0.7143141583054626,0.05528537456790045,starlike,33.39869950148036,25.670968088968092,0.7380044455575964,0.5672462956405209,0.54111
16.11895275373262,0.9936706339903079,0.8457813575742841,299,9.95,0.89,0.7310050538833148,0.057109493642174734,starlike,39.11282037833574,30.062965887557798,2.052297988806219,1.5774409472848685,0.54111
17.056475378774795,0.998599011327167,0.4200233614075131,298,10.116666666666667,0.8733333333333333,0.723598364920104,0.055075094774896985,starlike,41.24769643385453,31.703878136033097,1.015743037276249,0.7807222282818038,0.54111
18.565406432013344,0.9957596479591857,0.7965087756850404,300,11.086666666666666,0.9066666666666666,0.7534737272389446,0.05432360437246662,starlike,45.19876119013619,34.740752588927805,1.9391554970731502,1.49047716312144,0.6
13.754406275043216,0.9993308718544935,0.23399374793934968,300,11.196666666666667,0.9,0.7502346339650688,0.05865429833596343,starlike,33.44196501466107,25.704222905017613,0.5689239197794865,0.43728731979706276,0.6
18.848413881849098,0.9935748174754716,0.9965054196113333,299,10.856666666666667,0.89,0.7445260497956151,0.05457543707281997,starlike,45.73588854316723,35.153600374775294,2.418031622697732,1.8585517864741379,0.6
15.846996247058609,0.9941650648234991,0.798175021024388,298,11.153333333333334,0.8966666666666666,0.7484316610925308,0.054571954538489516,starlike,38.504275262480256,29.595224853236054,1.9393675771749768,1.4906401725082592,0.6
19.210065795151472,0.9773335426427567,1.9233648832032488,299,10.993333333333334,0.8966666666666666,0.7351924934968412,0.06070113674894715,starlike,46.67570116476556,35.875960831283216,4.673300210239659,3.5920003580352793,0.6
12.995381124161852,0.9988006743287399,0.2960605766678055,300,11.27,0.9066666666666666,0.7555499070977331,0.06072087668917858,starlike,31.638150780957435,24.317771985580464,0.720779873665872,0.5540071144155456,0.6
19.90384438470373,0.9978106805768509,0.61295679926449,299,11.23,0.9033333333333333,0.7569693794128576,0.05156202735065993,starlike,48.425442158327165,37.22084988026215,1.4913050692431717,1.1462495670455957,0.6
17.06574477416135,0.9933364901269222,0.9189480969272119,300,11.24,0.9033333333333333,0.7588555183946488,0.0548691581028887,starlike,41.520432961434935,31.91350937319855,2.2357724997313837,1.718463453711808,0.6
17.406731850563787,0.9972344908807915,0.6026547022966067,299,11.003333333333334,0.89,0.7416593831289485,0.055808373730451534,starlike,42.23763085894647,32.464763302701925,1.4623484218370317,1.1239928569753854,0.6
19.69300636488057,0.9939231322696183,1.012366865323327,298,11.093333333333334,0.89,0.7442821256038646,0.05443469448041932,starlike,47.785301714506964,36.72882398850437,2.4565195993394076,1.8881344838523277,0.6
4.167868385215999,0.9955065949471055,0.1840950531003706,51,1.19,0.12666666666666668,0.06907432181345226,0.01460223850539716,tree,6.584330107822027,5.060859572620162,0.2908303451062661,0.22353853952294211,0.07
4.550873006656685,0.9941789471510194,0.22894207516148926,51,1.2033333333333334,0.12666666666666668,0.07442415458937197,0.014396484466745612,tree,7.189394526202454,5.5259252670291765,0.3616789349155336,0.2779943092172526,0.07
4.591017339829477,0.9821751838029534,0.4066206153164398,47,1.1966666666666668,0.12333333333333334,0.06611438127090302,0.013187494781871246,tree,7.199641307542056,5.5338011664117825,0.6376631499804232,0.4901217897401293,0.07
4.449772126594297,0.9857316325794909,0.3519718858152905,45,1.18,0.10666666666666667,0.060342623560014866,0.013111118841993005,tree,6.697574419871929,5.147901618097451,0.5297704763041009,0.4071931301120635,0.07
4.718049734568146,0.9854131656067169,0.3773951103859815,46,1.1666666666666667,0.11,0.06082452619843924,0.012622051842629888,tree,7.164424290978896,5.506732600213825,0.573079735962867,0.4404815706577122,0.07
4.703256579632074,0.9885601794376511,0.33263590852608255,43,1.17,0.10666666666666667,0.06482958008175399,0.013429191541830494,tree,7.0791065388661725,5.44115551713575,0.5006669305064554,0.3848235107376904,0.07
4.850292540611914,0.9790894787289235,0.4660168067782476,40,1.1533333333333333,0.1,0.05688450390189521,0.011656288378746611,tree,7.164470203346089,5.506767889459534,0.6883633303487355,0.529091052967944,0.07
4.52835202539328,0.9907002670771221,0.28844743891227953,43,1.17,0.10333333333333333,0.05857049424005946,0.012609421642144602,tree,6.753410746868382,5.190818635524061,0.43017946107837507,0.3306453060360325,0.07
4.599441770420765,0.9837438285634387,0.38871890111582486,41,1.1533333333333333,0.10333333333333333,0.056191973244147146,0.011772455974278366,tree,6.859431269426818,5.272308319014662,0.5797204787934936,0.445585790278135,0.07
4.3452754214632945,0.9797067100419157,0.41115720638112113,33,1.1233333333333333,0.08666666666666667,0.045951988108509846,0.010281270353324252,tree,6.148448910963225,4.7258317882404866,0.5817764888554235,0.4471660844056971,0.07
5.989975159151264,0.9861774872130357,0.4662334060688566,145,1.81,0.32666666666666666,0.22402460052025266,0.03436283888791926,tree,11.927394729652299,9.167655449454221,0.9283761155232347,0.7135701087732705,0.12889
5.26705156368475,0.9922930151227486,0.30517732696693595,148,1.7933333333333332,0.31666666666666665,0.21599955406911928,0.036185490443228094,tree,10.416772207772867,8.006558067446141,0.6035564033414621,0.4639066011951837,0.12889
5.153894926753983,0.9896533525513231,0.3464625074704411,133,1.6666666666666667,0.3,0.19530650315867706,0.03284302833053008,tree,10.07196055504631,7.741528318804118,0.6770717600256757,0.5204121060100015,0.12889
5.357026088514627,0.9832070771139128,0.460284996358674,138,1.73,0.30333333333333334,0.20200200668896318,0.032925331270965474,tree,10.494635847144117,8.066405757069555,0.9017173601310062,0.6930796085687589,0.12889
5.4804950283086695,0.9878118520978019,0.40023396198324357,119,1.7233333333333334,0.27666666666666667,0.17973764399851352,0.029427554518571486,tree,10.517497944203159,8.083978062961991,0.7680802282669211,0.5903631974871809,0.12889
5.70791926232517,0.9845098412569716,0.47071510328237864,145,1.8333333333333333,0.32,0.2176429580081754,0.03583979876884426,tree,11.314644154219618,8.696682007277767,0.9330850081939085,0.7171894662718427,0.12889
5.410722870700743,0.9873173109111459,0.4031763011265094,142,1.8,0.32,0.22084228911185433,0.03530866285417974,tree,10.725520296539356,8.243868575117348,0.799204783566378,0.6142862087960574,0.12889
5.130530635673158,0.9922873163921611,0.2973779282831487,136,1.7166666666666666,0.31,0.19992634708286883,0.03509504746743715,tree,10.099362073356193,7.762589722769596,0.5853833811016731,0.4499384203689496,0.12889
5.371617473336099,0.994711179186925,0.2575125583326338,127,1.7233333333333334,0.2733333333333333,0.18130226681531028,0.030796449176286832,tree,10.280275930177046,7.901644054663399,0.4928311012997645,0.37880072169146867,0.12889
4.961081762150381,0.9960492792043613,0.2054170790590342,139,1.8233333333333333,0.2966666666666667,0.19713697510219252,0.03651395911257185,tree,9.671083209284287,7.433405257000739,0.4004380011118692,0.30778537193333927,0.12889
5.842834052130678,0.9923659746826824,0.33692002595134823,211,2.6266666666666665,0.4666666666666667,0.3351282051282051,0.051039180364980744,tree,12.539469967093133,9.63810981213666,0.723073513475628,0.5557700559444881,0.18778
5.535566501111236,0.9853101343722152,0.4443722369169708,206,2.533333333333333,0.45666666666666667,0.3090644370122631,0.0495010580483752,tree,11.827958793786406,9.091226822752846,0.949499298093791,0.7298058471044041,0.18778
5.8047514641242905,0.9877212366697244,0.4255064588371462,203,2.6033333333333335,0.47,0.3246005202526942,0.04972558497685166,tree,12.475682790910223,9.589081598801458,0.9145066138911042,0.7029097076461986,0.18778
5.4448258233947175,0.9878098144159175,0.39766273051653184,211,2.52,0.47,0.3209429208472687,0.053890627337625806,tree,11.702123724719492,8.99450724711947,0.8546643408168559,0.6569136327872883,0.18778
5.546196546790382,0.9935267591811506,0.29432609077949173,198,2.48,0.43333333333333335,0.3028595317725753,0.048680808293686,tree,11.724345320674663,9.011587249908976,0.6221886830137652,0.47822777728981636,0.18778
5.272961073129775,0.9920056256890284,0.3112089981997703,213,2.59,0.49,0.32891051653660347,0.05521315469186332,tree,11.428179939246505,8.783948085235442,0.6744886565279762,0.5184266763840065,0.18778
5.969388685041366,0.984115543716972,0.4986035859961841,191,2.546666666666667,0.43666666666666665,0.3202852471200297,0.048254803813048475,tree,12.638815315450394,9.714468811305283,1.0556790605407511,0.8114179258426588,0.18778
5.533784538257495,0.9868224387501432,0.42041932221162537,213,2.58,0.4866666666666667,0.34866109253065775,0.05462360394926609,tree,11.977062368673373,9.205831078906735,0.9099357606556888,0.6993964502650092,0.18778
5.431476730618847,0.9934225251570211,0.29056475100624063,210,2.5366666666666666,0.4533333333333333,0.3060257896692679,0.0511754683002766,tree,11.588266934682773,8.906994437717552,0.6199312016727186,0.4764926279477027,0.18778
5.266724005650331,0.9858350404268817,0.4150577364176615,208,2.5433333333333334,0.46,0.3067904868078781,0.05198155947667412,tree,11.270152553538491,8.662484793662857,0.8881733698091908,0.6826694025266582,0.18778
5.323716323164524,0.9926761186461777,0.300638210268143,240,3.5,0.5666666666666667,0.4185784466740988,0.06809594586606599,tree,11.874277330726223,9.126828259379353,0.6705581718176744,0.5154056202028261,0.24667
5.579767733035889,0.9762627198389039,0.5720192637118091,241,3.473333333333333,0.5733333333333334,0.42705403195837977,0.06603802514030857,tree,12.473729494338576,9.587580252500329,1.27876533620686,0.9828868976646781,0.24667
5.255491989999543,0.995723361799289,0.22644237123909905,241,3.4466666666666668,0.5833333333333334,0.4147692307692308,0.06941368928205163,tree,11.788268498135025,9.060719996789064,0.5079188545240462,0.3903974975341207,0.24667
5.715750307109916,0.9892574252851034,0.39159324253851135,237,3.42,0.53,0.3911759197324414,0.06045234822892473,tree,12.582636289405505,9.671288387923717,0.8620522380275999,0.6625921315424024,0.24667
5.58816043687163,0.9942829248975564,0.2785885306584222,244,3.493333333333333,0.5633333333333334,0.3995047194351542,0.06530505427594092,tree,12.449788340554441,9.56917856009975,0.6206636835117576,0.47705562944765284,0.24667
5.792183600394033,0.9821595342156796,0.5132356366386105,248,3.4466666666666668,0.58,0.41582504645113344,0.06327533742285704,tree,12.977672611777653,9.974921911892194,1.1499297198624803,0.8838610360213971,0.24667
5.797534383902563,0.990709876629792,0.3690993121270842,249,3.39,0.55,0.38916105536975104,0.06071612563624682,tree,12.855939412331994,9.881355122616492,0.8184717984622063,0.6290952562123665,0.24667
5.796330652570736,0.9817254154140341,0.5199293090902597,237,3.42,0.5533333333333333,0.4144052025269417,0.061829954354507444,tree,12.868480562726782,9.890994524041966,1.1542992643203633,0.887219563090293,0.24667
5.777774412370563,0.9887199724256873,0.4057340132537205,243,3.46,0.56,0.41819613526570054,0.06244366919113033,tree,12.857335027566409,9.88242782289171,0.9028836656053885,0.6939760563664802,0.24667
5.642580459993057,0.9896482816976824,0.37940753713928643,241,3.316666666666667,0.5366666666666666,0.3693409141583055,0.05991244813354176,tree,12.452192566704374,9.57102650069908,0.8372863705204923,0.6435565462064406,0.24667
5.493719470961016,0.9832357211913116,0.47162031157371553,265,4.493333333333333,0.67,0.4942178372352286,0.07606357243831992,tree,12.653113026091589,9.725458343206043,1.0862340422160042,0.8349031504547627,0.30556
5.598494178709508,0.9898854368947583,0.37206150293794105,266,4.363333333333333,0.6433333333333333,0.48032619843924196,0.07454324269487228,tree,12.79567928958699,9.835037879397015,0.8503678874402285,0.6536112851158692,0.30556
5.489945141340633,0.986660923023265,0.41967136598292637,273,4.496666666666667,0.7133333333333334,0.49806674098848,0.07886336665881358,tree,12.793843772311682,9.833627060829091,0.9780079315668807,0.7517182039048638,0.30556
6.044717735208189,0.9883329236515882,0.43178527004112527,251,4.196666666666666,0.5866666666666667,0.42950286138981786,0.0650362872953867,tree,13.573490247770847,10.432880327900211,0.9695792936529003,0.7452397691707907,0.30556
5.8373576336624975,0.9897958187539487,0.3896682173554058,261,4.3966666666666665,0.6333333333333333,0.4534553697510219,0.06968540352969307,tree,13.3018997277579,10.22412993711899,0.8879578534755006,0.682503751977164,0.30556
5.836469109864599,0.9946342796619576,0.2818349867135207,253,4.346666666666667,0.6166666666666667,0.4499387588257154,0.07082283085832561,tree,13.232277759582523,10.170616975536698,0.6389683139517331,0.4911249672038771,0.30556
5.834936401354261,0.9906996269781879,0.37168729755990776,265,4.35,0.64,0.4685742846525455,0.07363220430895201,tree,13.322917454619253,10.240284619894483,0.8486740632120393,0.6523093749110052,0.30556
4.942695157441985,0.995177703907994,0.2262053395181595,262,4.43,0.66,0.5045326644370123,0.08510884880391612,tree,11.351715914171244,8.7251761696531,0.5195179291226479,0.3993127989777912,0.30556
5.177133790955031,0.998050462714451,0.15043237756712927,266,4.37,0.66,0.47047870680044596,0.08144465761724987,tree,11.890142963013137,9.139022930017072,0.3454928050467054,0.2655532971554456,0.30556
5.6828174836221415,0.993171595980127,0.30979440912681666,263,4.4366666666666665,0.6666666666666666,0.4917155704199183,0.07772812904885322,tree,13.076333489698253,10.050754812170753,0.7128462278898046,0.5479091414229871,0.30556
4.955114881726705,0.9989111642533712,0.10755581313521348,277,5.483333333333333,0.7233333333333334,0.5336826458565589,0.09727187303950441,tree,11.577426397748065,8.89866216484849,0.2512998265317631,0.19315452170148628,0.36444
5.612785837534528,0.9888699488688875,0.3914892760952937,279,5.306666666666667,0.7066666666666667,0.4944714232627276,0.07934242119748952,tree,13.057224973569587,10.036067590360073,0.9107355421495187,0.7000111797458785,0.36444
5.593017724975998,0.99387186350136,0.2887404448683036,275,5.153333333333333,0.6833333333333333,0.5015433667781494,0.08013357660032519,tree,12.929680320666534,9.93803399134381,0.6674968382672569,0.5130526125391902,0.36444
5.670699491755996,0.9916332995170704,0.3424527055107757,278,5.42,0.7133333333333334,0.5310645856558901,0.08201585569442725,tree,13.21507620011243,10.157395482160355,0.7980565016430061,0.6134036142923189,0.36444
5.674959688844589,0.9876041574581765,0.41799564800937744,285,5.32,0.74,0.5224575994054255,0.08044821080121589,tree,13.315458545807973,10.234551540076078,0.980765332014225,0.7538376019637356,0.36444
5.645549407294806,0.9919730742734407,0.33388222667225254,280,5.33,0.7133333333333334,0.5349977703455964,0.08307796543830555,tree,13.156466096883177,10.112346479889396,0.778083739713514,0.5980521143299379,0.36444
5.2942199769545475,0.9970428402722007,0.18955920247470176,276,5.6066666666666665,0.7166666666666667,0.5436526198439242,0.09204620862437476,tree,12.348442289502296,9.49128177725085,0.44213517428292376,0.33983472768226214,0.36444
5.525383872783159,0.9957022005213902,0.2386619612238228,276,5.306666666666667,0.7266666666666667,0.5173230026012634,0.08325862153557778,tree,12.920869796967937,9.931262030875594,0.5581006130002588,0.4289682904008926,0.36444
5.425427940779499,0.9897028301562942,0.3638337143051652,279,5.273333333333333,0.7033333333333334,0.5097279821627647,0.08385817530106801,tree,12.610226975235678,9.692495190166651,0.8456523188052886,0.6499867963257139,0.36444
5.615233234647343,0.9872995062337993,0.4187126204634246,280,5.3533333333333335,0.7166666666666667,0.5452734299516908,0.08272663088624038,tree,13.097185957887772,10.06678247353061,0.9766214196209375,0.7506525006154976,0.36444
5.939049969245067,0.9953735189507292,0.2662022612479175,288,6.633333333333334,0.77,0.5836749907097732,0.08674426652026646,tree,14.037609656485712,10.789612617133866,0.6291988537599562,0.4836159472548089,0.42333
6.219712896108229,0.9892082844202158,0.42710447265416823,289,6.69,0.75,0.5882306949089559,0.08347026130876341,tree,14.62989994189757,11.244859834635244,1.0046276739843072,0.7721787178869731,0.42333
5.786776484040176,0.9898173687949083,0.38587939468248134,286,6.206666666666667,0.7366666666666667,0.5457273132664437,0.08391199647347566,tree,13.566474078726477,10.427487547512554,0.9046526714678966,0.6953357528134521,0.42333
5.720708145713886,0.9959273753619015,0.2405113396620087,293,6.496666666666667,0.7733333333333333,0.5782467484206614,0.09046513472964693,tree,13.532266383753697,10.40119476787889,0.5689266842004956,0.43728944459127833,0.42333
5.820711271714503,0.9887030863247036,0.40905850408664385,291,6.456666666666667,0.77,0.5775867707172055,0.08665385768986107,tree,13.757902893317638,10.574623905036322,0.9668555807359511,0.7431462640817255,0.42333
5.494059655984272,0.9918567936415257,0.3272871944556096,290,6.433333333333334,0.7566666666666667,0.570080193236715,0.09010715099307605,tree,12.944146610460496,9.949153096854193,0.7710970928656098,0.59268202534568,0.42333
6.008699543210119,0.9839874960395663,0.5039387239239378,287,6.463333333333333,0.7733333333333333,0.5994329988851729,0.08756049853043424,tree,14.213506574282974,10.924810820390888,1.192060996563327,0.9162440532010626,0.42333
5.253821096249781,0.9929684581216007,0.29066667703045385,290,6.633333333333334,0.8066666666666666,0.5862955035302863,0.09906316768217802,tree,12.524139459352382,9.626326449883795,0.6928956910836671,0.5325747241746317,0.42333
5.630418541103457,0.9901426114674262,0.3693474882229118,293,6.576666666666667,0.7866666666666666,0.5901082868822,0.09149745290970754,tree,13.36048773792983,10.269161958184753,0.8764290880710075,0.6736424917119006,0.42333
5.644846342596141,0.9900928910272665,0.3712359549546483,290,6.4366666666666665,0.7566666666666667,0.5838247491638796,0.08990921447166339,tree,13.299403943038536,10.222211622608423,0.8746415089929327,0.6722685194867924,0.42333
6.461061512237057,0.9825664878502497,0.565819296903448,291,7.566666666666666,0.8033333333333333,0.6313530286138982,0.08587926535876934,tree,15.390358635273222,11.829364954355833,1.3477912082417427,1.0359416867663354,0.48222
6.19337514685241,0.9878064808174633,0.4523956213055573,296,7.6066666666666665,0.82,0.6458565589000371,0.09090343991828016,tree,14.80795807007097,11.381719191273312,1.0816485732793024,0.8313786591271346,0.48222
6.243371387801725,0.9808008020193871,0.5742919326263848,297,7.37,0.8,0.6171328874024525,0.08739211234678379,tree,14.860542763426256,11.422136932240498,1.3669361140616052,1.0506568784864863,0.48222
6.047192548547292,0.9852311710527334,0.4867659196666964,300,7.446666666666666,0.81,0.6157204013377926,0.08846506397946216,tree,14.426220481471386,11.088307363819816,1.161231831730723,0.8925480854406342,0.48222
5.807622769999798,0.993190920100761,0.3161466998007274,293,7.11,0.79,0.5838407283537719,0.0898138347430367,tree,13.79164256730764,10.600556953545924,0.7507688524483302,0.5770572968728327,0.48222
5.202022628247982,0.9971703396825564,0.18218688966968022,294,7.34,0.8166666666666667,0.5959493868450392,0.10135937472173838,tree,12.428496033506926,9.55281282901094,0.435274737814663,0.33456164674552363,0.48222
5.517429471682635,0.9965627013027484,0.21303723716664932,295,7.233333333333333,0.7933333333333333,0.5960680044593087,0.09665753276697331,tree,13.112595744585434,10.078626771316994,0.5062993888452418,0.3891527409303517,0.48222
5.934272056738736,0.9875227116338416,0.43854727922790887,298,7.1433333333333335,0.79,0.5780344109996284,0.08700093872829275,tree,14.092402751514292,10.831727783741242,1.0414394259937079,0.8004730324931585,0.48222
5.726153472318426,0.988227703897386,0.41089179446112656,293,7.43,0.83,0.6200075808249721,0.09312610610514721,tree,13.721005211739396,10.54626354309139,0.984578649614747,0.7567686009516381,0.48222
5.931347929295688,0.9839620216874503,0.49785337032446925,289,7.0633333333333335,0.7866666666666666,0.5974925306577481,0.09050187345805415,tree,14.074566695217626,10.818018602280315,1.1813622381620545,0.9080207544017045,0.48222
5.65011444117383,0.9912995744981957,0.34800656698644056,298,8.256666666666666,0.8266666666666667,0.6350436269044964,0.1002330578112185,tree,13.528926020529155,10.398627291928548,0.8332849092592438,0.6404809359018478,0.54111
5.392090644573789,0.9973893234928267,0.18136929540237895,294,8.493333333333334,0.8533333333333334,0.647417242660721,0.10783724906252787,tree,12.98544818684673,9.980898388295499,0.4367807856684597,0.3357192279379757,0.54111
5.29300838801438,0.9938153865045779,0.2745164755121803,298,8.476666666666667,0.85,0.6202626532887402,0.10379985497806787,tree,12.737837361130564,9.790579312992552,0.6606349285111758,0.5077783992013347,0.54111
5.775846884757593,0.9925058047995461,0.3299696931564201,299,8.153333333333334,0.83,0.6322404310665181,0.09784664266291307,tree,13.840080534181087,10.637787430195102,0.7906731633027944,0.6077286195844193,0.54111
5.930132980462527,0.9931202204997551,0.32449886947288975,297,8.056666666666667,0.8266666666666667,0.625104347826087,0.09592324565520356,tree,14.199416882591477,10.913981176386942,0.7769968634355678,0.5972167175431087,0.54111
5.980227291744338,0.988761145005081,0.4191750618968003,298,8.256666666666666,0.8233333333333334,0.6301158677071721,0.09343126572118772,tree,14.30887162075698,10.998110472813842,1.002958893482906,0.7708960568361418,0.54111
5.519805161771974,0.9936167016751639,0.2908702378829388,299,8.41,0.8366666666666667,0.6308827201783723,0.09912598324793517,tree,13.245731394399597,10.180957732369292,0.6979936662086266,0.5364931389244452,0.54111
4.992277066696991,0.9953746489008225,0.22373820690965227,296,8.546666666666667,0.84,0.6447766629505759,0.10822132466621735,tree,11.988456847697455,9.214589123734338,0.537285051066332,0.41296899599315406,0.54111
5.2318712399344,0.9959573959743783,0.21914404674786225,297,8.543333333333333,0.8533333333333334,0.6435080639167595,0.10634012839284654,tree,12.599601413375684,9.68432815182364,0.5277514515383701,0.40564126368895276,0.54111
5.6593487870875,0.9984620476088605,0.14602746091592805,296,8.14,0.8,0.6037328130806391,0.09966004998973145,tree,13.470445603792609,10.35367796952134,0.3475762040706941,0.2671546430359651,0.54111
6.248842485250344,0.9871980232339196,0.46784109213906655,300,9.193333333333333,0.8433333333333334,0.6647192865105909,0.09295036685384638,tree,15.016721609900399,11.542179396284102,1.1242785291686974,0.864144971995762,0.6
5.778486477545966,0.9903267668289787,0.375468129625146,300,9.47,0.8733333333333333,0.6913256781865478,0.10470562293952133,tree,13.974121310523097,10.740814091216551,0.9079950627219,0.6979047875514233,0.6
4.896977226641227,0.9982223535130811,0.13586248279173962,299,9.376666666666667,0.8833333333333333,0.6812961724266072,0.11799882892790604,tree,11.866579859220867,9.120911815076756,0.3292282008478936,0.25305196801390567,0.6
5.532138764412778,0.9878978672362794,0.4025598022681825,299,9.256666666666666,0.87,0.6669600148643627,0.1041675222813159,tree,13.369190630296266,10.27585119086612,0.9728423247873785,0.7477478059918887,0.6
5.252881001780274,0.9912846618013295,0.3238194270147469,299,9.386666666666667,0.8666666666666667,0.683564994425864,0.11057953298980053,tree,12.685567619361612,9.750403650676422,0.7820152857957953,0.6010739863047457,0.6
6.251900702876905,0.9849969671074635,0.5072786263133892,300,9.373333333333333,0.8566666666666667,0.6785607580824972,0.09628487724223314,tree,15.066662587641256,11.580565119831828,1.2225075643106347,0.9396459485061506,0.6
5.930547373424572,0.9913615346100693,0.3639648592655534,299,9.353333333333333,0.87,0.6502108509847639,0.09837220609212947,tree,14.332001013306467,11.015888227843758,0.8795722221488129,0.6760583730430618,0.6
5.779338796923313,0.987913528803519,0.42027238750645746,300,9.386666666666667,0.8433333333333334,0.6596795243403938,0.09849616601097763,tree,13.888447661713977,10.674963458183761,1.0099651989003233,0.7762812558252257,0.6
6.0778711882111285,0.9884627227210421,0.43170334855810255,300,9.623333333333333,0.8833333333333333,0.6913327387588257,0.10170015945143436,tree,14.728176279152022,11.320397168579877,1.0461233581581255,0.8040732048028116,0.6
5.5526174058408175,0.9919892539099667,0.3280523536884363,299,8.98,0.8466666666666667,0.6476680044593088,0.10344210682469664,tree,13.353121553056733,10.263500148005397,0.7889113609664807,0.6063744599246226,0.6
