dim,dim_r^2,dim_ci,num_var_sites,mean_alpha,max_dist,mean_dist,std_dist,mode,F,n_seq_from_dim_log10,n_seq_from_dim_log20,log10_nseq_ci,log20_nseq_ci
34.34146756673698,0.9925033661093298,1.9622232433974292,189,2.0,0.45,0.36696053511705684,0.022042454297648627,random_aa,0.1,73.15878801709582,56.23143836876658,4.180190436735339,3.2129854428160027
33.23353538527006,0.9630328722454746,4.2808129406678495,199,2.0,0.47,0.38096224451876626,0.0227198838962112,random_aa,0.1,71.42614943113128,54.89969460287417,9.200404989785822,7.071631722903046
34.61588858683621,0.9776672851996673,3.439640953933073,191,2.0,0.4533333333333333,0.3707402452619844,0.022360436845553604,random_aa,0.1,73.85434514782361,56.76605873343605,7.338607806039861,5.640613844798097
30.563688786411184,0.9668790986298156,3.7190598289393835,187,2.0,0.45666666666666667,0.3649684132292828,0.021995858267428014,random_aa,0.1,65.30606243809241,50.19566240266692,7.946591626979968,6.107923455619039
31.036505332172688,0.977720695445127,3.0801979958082404,186,2.0,0.47,0.3639997027127462,0.021948475183924676,random_aa,0.1,66.70425044993614,51.27034017066885,6.620020403353865,5.088291911344699
29.18850207483827,0.9642348640902941,3.6958364225034255,198,2.0,0.48,0.3798643626904496,0.022699992652796555,random_aa,0.1,62.99936807877529,48.42268686251429,7.976954711250886,6.131261183705333
32.72888578865399,0.9770563910164615,3.2973472078253434,185,2.0,0.45666666666666667,0.36414269788182835,0.02180455398563771,random_aa,0.1,69.93248340473001,53.75163035271906,7.045509596016162,5.415332174890005
35.6185666659239,0.973073581008245,3.8954291182383973,192,2.0,0.4633333333333333,0.37044087699739875,0.022269763797802548,random_aa,0.1,76.33111552891208,58.669758409341256,8.347962253725644,6.416425663933488
32.54107352052337,0.9677642500961138,3.904616506598223,193,2.0,0.45666666666666667,0.37282987736900786,0.02235630790417948,random_aa,0.1,69.53118106865102,53.44318063409887,8.343074396506822,6.412668750384137
34.32152306041527,0.962518034586398,4.452825749407853,191,2.0,0.4666666666666667,0.3720356001486436,0.022248325903634673,random_aa,0.1,73.65838286713436,56.615437855099394,9.556334178794154,7.345206652147228
55.40100043219279,0.9856022742765955,4.402264324195375,289,4.0,0.8,0.6961394277220364,0.02468393507087029,random_aa,0.2,131.8660840307748,101.35514513135946,10.478319033435778,8.053864298561512
62.901782715051326,0.9749480404633741,6.629113852374487,286,4.0,0.7866666666666666,0.6932652545522111,0.024492162936828467,random_aa,0.2,149.2603952127629,114.72479167291434,15.730303829354824,12.090654236858587
61.50351473922425,0.9834450815370909,5.246272082459363,288,4.0,0.7866666666666666,0.691909773318469,0.024504938184019113,random_aa,0.2,145.9424283495541,112.17453005383808,12.4489419953148,9.568528040709374
58.354017688481335,0.9776940601251023,5.794846633401996,293,4.0,0.7966666666666666,0.6994541806020067,0.02492818597023687,random_aa,0.2,138.7890731821745,106.6763054231839,13.78245106919969,10.593492167846453
59.24270503641975,0.9805832139994746,5.4807972109543766,284,4.0,0.7766666666666666,0.6814154589371981,0.02421481844390137,random_aa,0.2,140.24856854556626,107.79810535727913,12.974997729295733,9.972865938939353
57.21617790625656,0.9869245583660576,4.329796218793553,287,4.0,0.7866666666666666,0.6915499070977331,0.02456911959876326,random_aa,0.2,135.76895531782924,104.35497703382272,10.274225417989804,7.896993499174743
58.517681169771286,0.9763928024458213,5.982179625398096,292,4.0,0.7966666666666666,0.7007018208844296,0.024898410271410466,random_aa,0.2,139.1783300625364,106.97549674210752,14.228003464141548,10.935953445777612
67.62473295810763,0.9569981158932671,9.424453422223092,285,4.0,0.78,0.6872618357487922,0.024346309037105333,random_aa,0.2,160.2175896774749,123.14673006113728,22.32856449535424,17.162221139996735
59.053684912488876,0.9547225307477598,8.454966617547727,291,4.0,0.8033333333333333,0.7018867335562987,0.024750052467300672,random_aa,0.2,140.66688388839486,108.11963164354674,20.139874577400274,15.479946384419739
61.855139003551294,0.9735380148566147,6.704601177265562,285,4.0,0.7966666666666666,0.68899375696767,0.024402859509790514,random_aa,0.2,147.11613276890168,113.07666484185931,15.946209366702824,12.256603936763709
82.80245287553853,0.9725564774094598,9.144671794695773,297,6.21,0.9066666666666666,0.8114379784466742,0.02167463991820461,random_aa,0.3,201.58827694854324,154.94514163423463,22.263333588964937,17.11208324417058
82.00711242172537,0.9777690454954818,8.129706022594473,299,5.906666666666666,0.8833333333333333,0.8033601635079896,0.02224105906002463,random_aa,0.3,198.72339680941795,152.74313234261703,19.700276575571273,15.142061782762532
75.88278676030423,0.9874569635735924,5.622739115786752,295,5.956666666666667,0.8766666666666667,0.7951471571906354,0.02200331657842924,random_aa,0.3,183.6329860320207,141.14431384674074,13.60677984550637,10.458467437994882
83.15809536376415,0.9777591865871265,8.245677083473147,297,6.023333333333333,0.8833333333333333,0.8028525455221108,0.021995247029420635,random_aa,0.3,201.51251147468506,154.88690664033695,19.981302970341595,15.358064792460167
86.6823421321054,0.9769252256454823,8.75852784912553,299,6.043333333333333,0.8866666666666667,0.8069750278706801,0.022116921731607283,random_aa,0.3,210.19441965631384,161.5600104200834,21.238393345266296,16.32429184265446
73.02943735303292,0.972182317084775,8.121700694650817,297,6.086666666666667,0.8966666666666666,0.8069059085841693,0.022073938363639842,random_aa,0.3,177.44344191582476,136.3868953884237,19.733720780324965,15.167767727179767
69.94931007194899,0.9766262276436236,7.114527413273862,299,5.943333333333333,0.8933333333333333,0.8068370122630993,0.02213297689002973,random_aa,0.3,169.84635360400773,130.5476077954118,17.275031555241902,13.277965621711575
80.15466538743603,0.9605235268786613,10.683323591463727,299,6.076666666666667,0.8966666666666666,0.8095792642140469,0.02203984131816838,random_aa,0.3,194.7559809779528,149.69369009709803,25.957829854362508,19.95175356515506
83.69115824580764,0.9824013425379261,7.364398523712417,297,5.97,0.8866666666666667,0.8000477889260498,0.022179094799677394,random_aa,0.3,202.94115277864367,155.9849914721394,17.85779474498318,13.725890105915235
77.70768756363212,0.9746385938205264,8.24121522687832,299,5.95,0.8966666666666666,0.8068436269044965,0.022088628147710267,random_aa,0.3,188.81043103144992,145.1238108734691,20.024111487498157,15.390968351409025
98.87041684225993,0.9882189521221075,7.097316043521397,300,8.023333333333333,0.9333333333333333,0.8619792642140468,0.019575173838248545,random_aa,0.4,241.95153463768943,185.96922088195927,17.36825395687737,13.349618390630168
107.36783170090473,0.9791401147227983,10.303152476205916,300,8.003333333333334,0.9366666666666666,0.8646113712374582,0.01954708815996154,random_aa,0.4,262.91228804051036,202.08011261595314,25.229394583431098,19.391862345614303
90.97246655936388,0.9879562586282331,6.603652787307603,300,8.063333333333333,0.9366666666666666,0.8634338907469342,0.019492827316623263,random_aa,0.4,222.76485380126786,171.2219199739355,16.170406314738923,12.428926595567344
98.3098958616545,0.9835764494800597,8.351973526988633,298,7.95,0.9266666666666666,0.8558582683017467,0.01969816280923346,random_aa,0.4,240.27378936792468,184.67966931484992,20.41259743428211,15.68956711398843
92.92994334909076,0.9785809290023525,9.038992418592398,299,7.94,0.9333333333333333,0.8596602006688964,0.019713983171229636,random_aa,0.4,227.41425721890494,174.79555273654083,22.11984289239982,17.00179316858175
96.18093424282573,0.9709577900036693,10.936190208482662,299,8.076666666666666,0.9366666666666666,0.8652257153474544,0.019282810822045485,random_aa,0.4,235.51886153478227,181.0249281874436,26.779518079195547,20.583321036751816
102.9088996329904,0.9657159148019288,12.74784961394336,299,8.126666666666667,0.9333333333333333,0.8632330732069863,0.01938636497556092,random_aa,0.4,251.83434023346283,193.56536057797734,31.196002565104305,23.977927233863205
101.23274382986163,0.9864346439717598,7.804855315864356,299,8.01,0.9333333333333333,0.8616237829803047,0.019506389052866786,random_aa,0.4,247.7325220980554,190.41261379344678,19.09971436968147,14.680456586962796
108.09994508475465,0.9722965840418528,11.996516708307967,300,8.053333333333333,0.9366666666666666,0.8640222965440357,0.019546132108275598,random_aa,0.4,264.7050187104308,203.4580444667907,29.3759462804806,22.578992320225925
100.11746625075526,0.9846572059096369,8.216407210220869,300,8.236666666666666,0.94,0.8678650315867708,0.01932298489818708,random_aa,0.4,245.31273240810677,188.55271071818086,20.13224444043245,15.474081694909694
105.91338950284758,0.987870312890652,7.715926946637896,300,10.106666666666667,0.9566666666666667,0.8949748049052396,0.01751402218326117,random_aa,0.5,260.3226026807851,200.0896240274071,18.964837158663272,14.57678702402596
116.21341835600653,0.9787893104763989,11.247382606617144,300,10.33,0.9633333333333334,0.8976156075808247,0.01744429776515417,random_aa,0.5,285.98935053166065,219.81764562292497,27.678659593281647,21.27442079393091
101.85153495388785,0.9803662844959002,9.476261793395363,300,10.063333333333333,0.96,0.8952616871051653,0.01762469917575197,random_aa,0.5,250.4928999323385,192.53430033678765,23.305847066716375,17.913381816244925
106.37725711630685,0.9899364472040962,7.051527501577023,300,10.04,0.9566666666666667,0.894656038647343,0.017629034079494735,random_aa,0.5,261.46273449038785,200.96595417613736,17.331821790448043,13.321615833770796
109.19955656936209,0.9910741267674955,6.81326955383105,300,10.103333333333333,0.9566666666666667,0.895315198810851,0.017738563256987205,random_aa,0.5,268.3996132232146,206.29779030285673,16.746211893930223,12.87150330871794
107.4431519470452,0.99257586256773,6.1091711922822745,300,10.06,0.9566666666666667,0.8949778520995912,0.017637095631672154,random_aa,0.5,264.082578098682,202.9796230515864,15.015621277559422,11.541333656874063
102.83192062773291,0.9852827175559932,8.262733309547448,300,10.103333333333333,0.96,0.8958515050167225,0.017486912110445202,random_aa,0.5,252.90405309369984,194.3875651880187,20.321304229858963,15.61939716807834
101.60772237435063,0.9784945180624506,9.903404458049534,299,10.046666666666667,0.9633333333333334,0.8916564102564103,0.017696955415787904,random_aa,0.5,250.04622479844568,192.19097609723784,24.371266666759677,18.73228653296482
101.21452690034933,0.9877888005271019,7.398648103215085,300,9.85,0.96,0.8928975102192495,0.017750485134958218,random_aa,0.5,248.92624711082374,191.33013684575667,18.196179564621264,13.985980050625072
114.45497625507018,0.98751413582857,8.461253963749622,300,9.893333333333333,0.9533333333333334,0.8924363433667779,0.017648783699356307,random_aa,0.5,281.14331599554555,216.09287789868668,20.78393683423305,15.974986667102904
137.04144198425004,0.9501295733575489,20.64165200176792,300,11.983333333333333,0.9733333333333334,0.9138096618357489,0.016163885398554578,random_aa,0.6,337.85962100573335,259.6862655985933,50.889574870724545,39.114835968676516
130.0809428006605,0.976245302469752,13.340476994722554,300,11.99,0.97,0.9141142326272762,0.01607767537824054,random_aa,0.6,320.50552296722424,246.34752775523373,32.86950773702469,25.264219769391037
128.0554338949384,0.9553129195944913,18.20868510884419,300,12.123333333333333,0.9733333333333334,0.914391452991453,0.016012348643676098,random_aa,0.6,315.7056707593677,242.65825677466196,44.89138001476864,34.50449272067575
118.25416577781625,0.9907278981457914,7.521262698084226,300,11.926666666666666,0.9766666666666667,0.9132072092159046,0.016210622779477213,random_aa,0.6,291.717372529282,224.2203281257969,18.553959414081163,14.26097743781237
128.04473316165414,0.9896199039621284,8.621654256867545,300,12.06,0.9766666666666667,0.9137163136380527,0.016104429353532124,random_aa,0.6,315.8694061933667,242.7841073965113,21.26847972015472,16.347416885880744
121.67920190718688,0.9799679007530225,11.43763063329606,300,12.24,0.9766666666666667,0.9148405797101449,0.016095127167999133,random_aa,0.6,300.1664832553693,230.71449870929317,28.215120662848317,21.68675645979147
121.50020680259342,0.9681845565731988,14.480359375549462,300,12.1,0.9766666666666667,0.9142034931252324,0.01615265074335012,random_aa,0.6,299.72492602764584,230.37510820392814,35.72112967463402,27.45603851846915
124.87990264401705,0.9904328390928291,8.069265094386651,300,12.073333333333334,0.9733333333333334,0.9142041620215533,0.01619569373315294,random_aa,0.6,307.87677046910767,236.6407934445682,19.893827787492153,15.290829461114253
128.25663987611784,0.973345964029381,13.953724363884975,300,11.993333333333334,0.9733333333333334,0.9138316610925304,0.01610511899522045,random_aa,0.6,316.20172053497635,243.03953143955198,34.401272760560005,26.441567738800135
123.53966506590092,0.9898319979851223,8.232010113296706,300,12.046666666666667,0.9733333333333334,0.9142373095503531,0.016185154994940908,random_aa,0.6,304.5725717271534,234.10111430345205,20.29505656627165,15.599222641991478
126.10526768112834,0.9761741079025282,12.952588847113224,300,13.916666666666666,0.9833333333333333,0.9261423262727612,0.015160982094318248,random_aa,0.7,311.45756644967025,239.3930712494586,31.990589098513453,24.58866375497134
128.68657001393117,0.9888454077270624,8.985831769451112,300,14.036666666666667,0.98,0.9273282051282051,0.014993342540495818,random_aa,0.7,317.6431515537842,244.14744672483502,22.180153859657402,17.048149492001336
136.1590042980738,0.9592448662968478,18.45164942610599,300,14.066666666666666,0.9833333333333333,0.9271606837606836,0.014996162691073957,random_aa,0.7,336.28850648904796,258.47867275144796,45.572289983707414,35.0278549576788
133.46643203562763,0.9771620709340467,13.414655320091907,300,13.966666666666667,0.98,0.9264704570791527,0.0150024284916895,random_aa,0.7,329.4415112147771,253.2159230092512,33.1120286477481,25.450626625137385
141.00020503911287,0.9539872531086013,20.35869551452714,300,14.21,0.98,0.9281445559271646,0.014855217295313942,random_aa,0.7,348.03747969586107,267.50918953120674,50.25233172395703,38.62503700255637
133.64520436220337,0.984315720724517,11.091259348040477,300,14.0,0.9766666666666667,0.9270112225938313,0.015142224223832372,random_aa,0.7,329.6850272567273,253.40309474453923,27.360668554630884,21.03000595360398
153.1924466502111,0.970109378366036,17.678966905996475,300,13.8,0.9766666666666667,0.9256737272389446,0.015133268168790319,random_aa,0.7,377.90548632423014,290.46639015525994,43.61167102171458,33.520880507799006
135.40717768569255,0.972867378948203,14.866993395399208,300,14.01,0.98,0.9268333704942401,0.014991015311527883,random_aa,0.7,334.2319455591238,256.89795521474383,36.69690345878881,28.206039507998067
130.08311907326055,0.9833089549449051,11.142435216112707,300,13.873333333333333,0.98,0.9263455964325529,0.015009224571615824,random_aa,0.7,321.09031969616944,246.7970152619739,27.503400219982208,21.139712621264994
136.70023565333662,0.987118721800876,10.266595638206525,300,13.95,0.9833333333333333,0.9267715347454477,0.01494737131285757,random_aa,0.7,337.6252516060138,259.5061241718002,25.356663936387854,19.489684343093927
149.86902968583905,0.9873534764402842,11.151250011746045,300,16.183333333333334,0.9866666666666667,0.9374615384615383,0.01395464911224729,random_aa,0.8,370.3700908070601,284.6745209883048,27.557991721973895,21.18167283907214
141.758486369651,0.9890992743552212,9.784062962143754,300,15.863333333333333,0.9833333333333333,0.9362732813080638,0.014034678991375298,random_aa,0.8,350.11823058750434,269.108499999511,24.164894109619162,18.57366408934069
140.3872420478039,0.9890816896257002,9.697319118624963,300,16.176666666666666,0.9833333333333333,0.9374433296172427,0.01393251560625465,random_aa,0.8,346.7315011721214,266.505385984715,23.950652255145886,18.408993132339475
136.9935235196141,0.9861507526605213,10.673426775445302,300,16.13,0.9866666666666667,0.937201635079896,0.013961217444061593,random_aa,0.8,338.5509591427801,260.217643152801,26.37715111875251,20.274053024650613
146.78144245416274,0.9697073552358996,17.056181579256897,300,16.093333333333334,0.99,0.937092382014121,0.013946549509372378,random_aa,0.8,362.95475846861416,278.97493499631423,42.17578300083293,32.41722569148646
141.76579931914407,0.9678051130018933,16.999391495229947,300,15.95,0.9833333333333333,0.9364672612411742,0.01408591868000048,random_aa,0.8,350.13629227116405,269.1223826030789,41.985471373150865,32.270948028160994
149.0745645462579,0.9824939632941112,13.082626112881718,300,16.046666666666667,0.9833333333333333,0.9368286138981792,0.01399354963765816,random_aa,0.8,368.18764153870546,282.99704293197385,32.31175800040608,24.83552117022157
147.77924238182993,0.9753194352659498,15.455389390046161,300,16.173333333333332,0.9833333333333333,0.9374535117056857,0.01394407528641128,random_aa,0.8,364.9884263392168,280.5380564288564,38.17206098105132,29.339877718630298
144.9261600750342,0.9807025204632852,13.365673339306957,300,15.896666666666667,0.9833333333333333,0.936281828316611,0.01407571140146063,random_aa,0.8,357.94182084449494,275.12188192234504,33.010834271792696,25.37284642307236
129.21636341762394,0.9767802375521852,13.098162581606188,300,15.856666666666667,0.99,0.9361821627647714,0.01403285288771427,random_aa,0.8,319.5205959982463,245.59049142843074,32.388565997872085,24.89455747047751
154.7267006512205,0.9784201725921253,15.10737319562598,300,18.016666666666666,0.99,0.9441916759568931,0.01323202969177223,random_aa,0.9,382.60144691687924,294.0758077769133,37.356854501726126,28.713292257847627
164.18594955848818,0.982541932895503,14.388679186548279,300,17.873333333333335,0.99,0.9437218877740619,0.013383486048194624,random_aa,0.9,405.99186565802216,312.05419322467196,35.5796992556936,27.347332017149597
144.36708859968354,0.9864498104830718,11.124123316365749,300,18.09,0.9866666666666667,0.9443697510219249,0.01327114022190596,random_aa,0.9,356.77318940610934,274.22364633801544,27.49095374453215,21.130145989064708
146.7757992039329,0.9874758883672553,10.867435649132233,300,18.136666666666667,0.99,0.9446128576737272,0.013193352085464021,random_aa,0.9,362.94080408521324,278.9642093532104,26.872521588931512,20.654805560587487
166.11099910795187,0.9831552250212714,14.294940759622081,300,17.923333333333332,0.99,0.943842735042735,0.013268465097222123,random_aa,0.9,410.75204434671366,315.7129702740529,35.34790695596299,27.16917140555485
156.55981673067663,0.9860640195257622,12.236548086817143,300,17.89,0.99,0.9436990709773319,0.013263334105373937,random_aa,0.9,387.1342965247014,297.55985474195563,30.258003199057285,23.256960485077133
157.57135086893587,0.965099674876859,19.70009490691809,300,18.14,0.99,0.9444784838350055,0.013176132534044496,random_aa,0.9,389.6355740887865,299.4823911726461,48.71353673324287,37.44228564721284
157.99422062970797,0.981572276376609,14.232405621901268,300,17.89,0.9933333333333333,0.9436183574879227,0.01332919928209613,random_aa,0.9,390.9118703120757,300.4633802563281,35.21404946663845,27.066285622928273
160.866519367087,0.9868631865206867,12.202381988011558,300,17.95,0.99,0.9439443329617242,0.013238515437871466,random_aa,0.9,397.7837232441766,305.7452361359028,30.173518757887766,23.192023902945216
151.05281439346092,0.9744394349074336,16.084183888125875,300,18.02,0.9866666666666667,0.9441219620958752,0.013244113964451599,random_aa,0.9,373.2955681426843,286.9231066053729,39.748710321873205,30.551724752193305
160.4489905187904,0.984764351596688,13.120902519924908,300,20.0,0.9933333333333333,0.9499458193979933,0.01260136063214329,random_aa,1.0,396.98550189620806,305.13170581713325,32.46395041415733,24.952499575222582
159.18534708717831,0.9751188183660051,16.71753453590483,300,20.0,0.99,0.9499299888517279,0.012573324786415459,random_aa,1.0,393.6265936466191,302.54997575650174,41.33839134034189,31.77358821711472
161.9381602760917,0.9881099512081359,11.678869116466986,300,20.0,0.9933333333333333,0.9499623188405797,0.012674245895871804,random_aa,1.0,400.6700299296935,307.96371433789375,28.896047913980503,22.210131980264908
175.59918594580438,0.9786398954083106,17.055919437150795,300,20.0,0.9933333333333333,0.9500245261984392,0.012605748129040844,random_aa,1.0,434.4703618256598,333.9433858355646,42.200033270172824,32.43586497683785
158.86290645105484,0.9675905047552891,19.11504157674409,300,20.0,0.9966666666666667,0.9500771460423634,0.012554649290560459,random_aa,1.0,393.2923203943556,302.2930460520541,47.32255769516892,36.37314885351112
156.83764020768336,0.9783637058163738,15.333947778765113,300,20.0,0.99,0.9501252322556669,0.012620460768131276,random_aa,1.0,387.82128631924155,298.0878900653761,37.91711826343477,29.143923191473963
160.63768323610714,0.9803556953733712,14.949832692911627,300,20.0,0.9966666666666667,0.9500190263842437,0.01256711982218748,random_aa,1.0,397.68608414681665,305.67018859842455,37.010870068111934,28.44736108426418
172.58594117870146,0.9845268313244325,14.224718326988468,300,20.0,0.9933333333333333,0.9499833519137867,0.012589281118103297,random_aa,1.0,427.0149426152511,328.21298820041716,35.19502943653845,27.051666413407055
154.92122870148359,0.9792006749191042,14.844381613899966,300,20.0,0.9933333333333333,0.9500215533259012,0.012594526768064544,random_aa,1.0,383.30862370388786,294.61935926255575,36.72821041926583,28.23010271990045
162.2546988214773,0.976527334306255,16.538598175257675,300,20.0,0.9933333333333333,0.9500465997770344,0.012614575697392862,random_aa,1.0,401.45321474689354,308.56568725151624,40.92006859024442,31.45205623745888
13.856242907038288,0.9932640195491027,0.7501980894429682,90,1.4,0.20666666666666667,0.1380012634708287,0.016364616319974094,starlike,0.1,24.835814634244553,19.08934822180605,1.344648820995044,1.0335263794658338
15.199319593159357,0.9934615156509667,0.8106802177874369,89,1.4133333333333333,0.2,0.13797331846897065,0.01628863986124826,starlike,0.1,27.026689139556925,20.773302098821972,1.4415120429200154,1.107977562180908
13.910555715580895,0.9974852045944941,0.45920328507242186,101,1.4833333333333334,0.23,0.15564533630620586,0.018017962213655158,starlike,0.1,25.579412729245856,19.66089391827695,0.8444055432189835,0.6490284974467793
12.752481302723174,0.9911592312695323,0.7918271774238133,91,1.43,0.23666666666666666,0.14665536975102195,0.01687117549495602,starlike,0.1,23.608137478550184,18.1457288127333,1.4658766729484947,1.1267047476490992
15.589813837263431,0.9891614518321434,1.0728902582408264,90,1.4166666666666667,0.2,0.13623500557413604,0.01621165495564642,starlike,0.1,27.7210469679782,21.307000653609645,1.9077611542153559,1.466346787217407
14.632613397653907,0.9938092096712251,0.7592867933908858,101,1.47,0.23,0.16019212188777407,0.01806365288156711,starlike,0.1,26.907167841385665,20.681435425056115,1.3962138296356366,1.0731603685455986
14.194841718390757,0.9949993730153296,0.6615973990159227,93,1.4466666666666668,0.22,0.15015057599405426,0.017090953779129628,starlike,0.1,25.82813816467462,19.852069706888823,1.2038055351496961,0.9252711614349317
12.670654525282279,0.9973136290729802,0.4323431380826429,90,1.4066666666666667,0.20333333333333334,0.14024429580081751,0.016762534388501088,starlike,0.1,22.62129755310064,17.38722214590898,0.7718751033811222,0.5932800211782937
12.02979318693648,0.9919127633352641,0.714140899996877,90,1.43,0.21,0.13703835005574136,0.017816601258910724,starlike,0.1,21.64569468279524,16.637352524488378,1.284982679387656,0.9876656830897004
12.017311835189224,0.9971628103995589,0.4214352732785294,104,1.4933333333333334,0.24,0.16219895949461166,0.018791262887686074,starlike,0.1,22.32014379124503,17.155748803357863,0.782745428202605,0.6016351896661156
15.014926105968064,0.9963673075581675,0.5960602878843235,215,2.9033333333333333,0.49666666666666665,0.38507454477889264,0.03445550727801316,starlike,0.2,32.63023123471477,25.080306636636703,1.2953500327760787,0.9956342567759141
16.340238165073,0.9992695908908629,0.29044409101914703,209,2.94,0.5033333333333333,0.3878347826086957,0.03501187785400553,starlike,0.2,35.605002274974105,27.366780469041434,0.6328709788082404,0.4864384225709219
14.245929392921962,0.9968841259404158,0.5236255186259566,199,2.86,0.48333333333333334,0.3615867707172055,0.033477417076594,starlike,0.2,30.79069595196025,23.666399740650256,1.1317474411118364,0.8698857404392499
18.822156450262106,0.996991133599464,0.6798100671846284,207,2.8566666666666665,0.48,0.36902274247491634,0.032606858742024986,starlike,0.2,40.6250365025944,31.225288147074114,1.4672765507600538,1.127780724233978
18.527858086989607,0.998555733170656,0.4632604105540605,205,2.8966666666666665,0.48333333333333334,0.37208740245261984,0.031773936580327226,starlike,0.2,40.04551961916985,30.77985884463225,1.001276228073784,0.7696027235427283
14.333630025721785,0.998290533518903,0.38996031924847924,209,2.85,0.49666666666666665,0.3799943515421777,0.03475648638774273,starlike,0.2,31.149647948400453,23.942298065543998,0.8474564110164616,0.6513734609046903
17.328961029859205,0.9984310018715183,0.4516345078162347,201,2.783333333333333,0.4766666666666667,0.3677670011148272,0.03194275919312831,starlike,0.2,37.349734199483215,28.70781943841484,0.9734241304591268,0.7481949945069017
16.777552052556075,0.9976574032996521,0.5345016523363091,203,2.8033333333333332,0.4766666666666667,0.37247075436640653,0.03241045242850411,starlike,0.2,36.16126255932003,27.79433424274366,1.1520306733650685,0.8854758746566247
11.958985440068773,0.9996209443156855,0.1531054248405582,217,2.8666666666666667,0.5066666666666667,0.38003433667781494,0.03927333014629013,starlike,0.2,26.092635700738946,20.055368275673427,0.3340520894679322,0.25675971390455804
20.47028912296649,0.9985334186167858,0.5157724812241864,205,2.8266666666666667,0.47333333333333333,0.3756804905239688,0.02938415468698798,starlike,0.2,44.05796468551203,33.863911541122484,1.1100910996923452,0.8532402046009783
18.67372756330494,0.9948723299957946,0.8813933810916168,275,4.746666666666667,0.72,0.5524380527684875,0.0469749192764005,starlike,0.3,43.592953358127744,33.50649370376742,2.0575720847289265,1.5814947323169468
17.341235194995754,0.9911337677461942,1.0783155110574736,261,4.75,0.66,0.5162859903381641,0.04631148760293642,starlike,0.3,39.82701122848488,30.61190853494438,2.4765296983647724,1.903514681920054
15.62651833868525,0.9992457425802745,0.2822593107176505,264,4.9,0.6566666666666666,0.5241256781865478,0.044995904801357685,starlike,0.3,35.85451856060807,27.558564122351154,0.6476344554612999,0.4977859523759707
18.684265288964955,0.9957200501109632,0.8053583194864214,260,4.836666666666667,0.6733333333333333,0.5220967670011148,0.042387516429570435,starlike,0.3,43.07379657101938,33.10745848640995,1.8566339047232534,1.4270492693565604
17.04312961025917,0.9944241001321463,0.8390414529305119,263,5.02,0.6733333333333333,0.5381263470828689,0.04561889415335478,starlike,0.3,39.290402186667286,30.199459134387915,1.9342853625358407,1.4867338716112208
13.091455982391093,0.997283484921828,0.4492076096404869,253,4.743333333333333,0.6633333333333333,0.5116364176885915,0.04365477442687466,starlike,0.3,30.095333859802025,23.131929286874634,1.032662295368684,0.7937267386688224
17.664814009789705,0.9929543720556854,0.978287905320632,263,4.796666666666667,0.67,0.5335096246748421,0.04556138278638503,starlike,0.3,40.68552998241387,31.271784753625138,2.2531888465566285,1.731850037328857
19.903062734164315,0.9929810756504021,1.100137871551077,267,4.783333333333333,0.6866666666666666,0.5358231140839836,0.044179346050835684,starlike,0.3,46.053044445533665,35.397373311159114,2.545572958868727,1.9565828361778796
16.54009988831781,0.9948232476944514,0.7844337421466543,259,5.0,0.6766666666666666,0.5379502787068003,0.04430206725001847,starlike,0.3,38.16621495898212,29.335384338701562,1.8100777520088398,1.3912651960688007
21.48058130346886,0.9743988408775033,2.2891269246319905,264,4.683333333333334,0.6666666666666666,0.5244948346339651,0.04492975763174996,starlike,0.3,49.42746190358075,37.99102408730816,5.2673497174602515,4.048599751746736
14.504497661026633,0.9978325858008771,0.4444339394254914,290,7.213333333333333,0.8033333333333333,0.6529410628019324,0.05192861368095492,starlike,0.4,34.54996062255275,26.555852468966457,1.0586492180102072,0.8137008535840291
17.607846849947027,0.9976271107406663,0.5645771206713207,290,6.786666666666667,0.7633333333333333,0.6264168710516537,0.04795955791200458,starlike,0.4,41.551621764111616,31.93748176644131,1.3323091218774712,1.024041817881014
17.16579166755988,0.9797560442246881,1.622239456088729,288,6.633333333333334,0.7666666666666667,0.6211147528799703,0.052213358862153544,starlike,0.4,40.54092800855503,31.16064052609713,3.831288080130791,2.9448114900498443
17.47392828966246,0.9988114859654876,0.39629021655161567,288,7.013333333333334,0.7966666666666666,0.6324066146413972,0.04863024660917511,starlike,0.4,41.559954365451475,31.943886385372178,0.9425358192126456,0.7244535655241539
18.579896267616284,0.9975653450273261,0.6034672813009996,287,7.003333333333333,0.7733333333333333,0.6234600520252694,0.04730290966551634,starlike,0.4,43.95052138156559,33.781328276859156,1.4274946031922913,1.0972034526104595
15.652018498312811,0.99764616817207,0.4998413801256094,286,6.71,0.7733333333333333,0.6146251950947603,0.053482542714802225,starlike,0.4,37.02466169704906,28.457961630741273,1.182368779038414,0.9087944036486196
16.39516415019706,0.9986554443928585,0.39551205467150075,286,6.8,0.7866666666666666,0.6349299145299145,0.048085771958433575,starlike,0.4,38.904281802667796,29.902678594902785,0.9385153018493732,0.7213633082843731
20.815794870648805,0.9817789894533347,1.864381439684627,291,6.906666666666666,0.7933333333333333,0.6458115942028986,0.049191394728603705,starlike,0.4,49.47033843239908,38.02397992150202,4.430845968718329,3.40564474569016
17.490273295645068,0.99546180115274,0.7764052526757007,285,6.996666666666667,0.7966666666666666,0.6408130806391676,0.04950750004013052,starlike,0.4,41.598829293371494,31.973766501933348,1.8466006232489949,1.4193374706219448
16.778988982465684,0.9975760866740312,0.5437680990771394,286,7.02,0.7733333333333333,0.6232250464511335,0.05269011437223161,starlike,0.4,39.69049683663936,30.50698059915467,1.2862769049339378,0.9886604530416577
18.734325689980306,0.9895073954772228,1.2683309909438156,297,9.1,0.8633333333333333,0.7089079895949462,0.049446322564430274,starlike,0.5,45.211543767850806,34.75057755665124,3.0608628812216505,2.3526458970375526
14.891039375050385,0.991742428546891,0.8933345768219249,295,8.893333333333333,0.85,0.6812938684503902,0.06083461285285952,starlike,0.5,35.83588458448288,27.544241642325876,2.1498455536929257,1.6524181309100034
16.438910220946127,0.9997429006268823,0.17331724480281388,297,8.96,0.8666666666666667,0.704467558528428,0.05751292849940829,starlike,0.5,39.69953005326997,30.513923726262203,0.41855652694252926,0.3217116656322122
15.202556583265617,0.998535821258672,0.38273154697141826,296,8.793333333333333,0.8533333333333334,0.7020483091787441,0.05317618193058351,starlike,0.5,36.61140433873502,28.140323021569056,0.9217094074021989,0.7084459316649375
21.115348114326938,0.9901394331777859,1.3853624625556191,294,8.91,0.8533333333333334,0.6965532515793386,0.049840906507552775,starlike,0.5,50.85082521039433,39.085052135514054,3.3362852487692827,2.564341529317783
16.31116204464704,0.9990994979059556,0.321947682990826,299,9.283333333333333,0.8733333333333333,0.7147034559643256,0.058913893999450136,starlike,0.5,39.445304235495556,30.318520223943512,0.7785664975141144,0.5984231724932465
14.845766242423675,0.9995095311766681,0.21621073831955037,296,8.786666666666667,0.8566666666666667,0.6906703827573393,0.05476783187206667,starlike,0.5,35.777303808850384,27.499215181884736,0.5210534198961992,0.40049301063983495
13.05178167060383,0.998022272350934,0.381984142896097,293,8.903333333333334,0.84,0.6883096989966556,0.05704596481907421,starlike,0.5,31.342555561950686,24.090571060166063,0.917296927320662,0.7050544033402697
15.826781790552308,0.9995466475126273,0.22160088529433988,296,8.996666666666666,0.85,0.6974647342995169,0.053025694640115514,starlike,0.5,38.08778630592459,29.275102367249012,0.5332914344805648,0.40989941527704693
18.414006428509193,0.9934214159327276,0.9851676766893068,297,9.106666666666667,0.85,0.696081010776663,0.056293042239712134,starlike,0.5,44.31404635297652,34.06074148994607,2.370845598417585,1.8222835801780441
17.970404723173303,0.9877606424598161,1.3151452439695306,299,11.273333333333333,0.9,0.7551654403567447,0.05382624328778528,starlike,0.6,43.69259087119509,33.58307726709756,3.1975964907935475,2.45774232834782
16.038409745055553,0.9985697589241359,0.3990608575441254,300,11.26,0.9033333333333333,0.7508659977703456,0.05877981980408467,starlike,0.6,39.02095838418097,29.992358757467855,0.970902811594863,0.7462570538962573
15.869717018792924,0.9998440840558385,0.13028988926242852,300,11.243333333333334,0.9,0.7542786324786325,0.055677078584107795,starlike,0.6,38.585054906950305,29.657313847908945,0.3167821155889558,0.2434856357230149
18.926611313534956,0.998164502132801,0.5335942652448188,300,11.07,0.9,0.7401787439613525,0.05402441982913711,starlike,0.6,46.01747692605043,35.37003534078043,1.2973617612792918,0.9971805151326912
19.956575479647416,0.9903770448288114,1.2933092268018784,300,11.06,0.8966666666666666,0.7449319212188776,0.056600695618028225,starlike,0.6,48.48953477271346,37.27011286005501,3.1424210425700156,2.415333276744538
17.537838113598617,0.9986419275805519,0.4252017391110896,299,11.013333333333334,0.8966666666666666,0.7461392047565961,0.05729079419876287,starlike,0.6,42.612602142829374,32.75297440093379,1.033134895066159,0.7940899890927557
15.495335779950882,0.9975576423877909,0.504079489884992,300,11.09,0.9233333333333333,0.7518204384986994,0.05750716660798072,starlike,0.6,37.84704415739052,29.090062706875,1.2312039560444203,0.9463301846596357
17.628092731338974,0.9989486164772317,0.37599038858435013,300,11.166666666666666,0.9033333333333333,0.754109104422148,0.05586257214390959,starlike,0.6,42.88860827203405,32.96511872514194,0.9147730690896586,0.7031145109170245
17.50390494018837,0.9959750544971107,0.731565348214105,299,11.233333333333333,0.8866666666666667,0.7494238573021182,0.05471948242721139,starlike,0.6,42.444897658798595,32.62407308075693,1.7739593788799954,1.3635038275767457
15.694952506791058,0.9993240138784267,0.2683725806155957,299,11.16,0.8933333333333333,0.7324580453363062,0.058656675697308404,starlike,0.6,38.10946027236873,29.291761450065223,0.651644800756024,0.5008683911422479
15.225337209371988,0.9819350237958338,1.3577088537414943,300,13.116666666666667,0.9266666666666666,0.7846805648457822,0.059358828213545545,starlike,0.7,37.21140617266345,28.601497503270547,3.3183012583587956,2.550518642473957
16.778432795247802,0.9988074383875888,0.381165276221726,299,13.1,0.9233333333333333,0.7900758825715348,0.05292129893884448,starlike,0.7,40.980982659000226,31.498876117829678,0.9309884758414282,0.7155780258289108
15.050530287320742,0.9987918857793592,0.34413647503447764,299,13.08,0.9166666666666666,0.7765215161649944,0.05722023091783507,starlike,0.7,36.713250589344064,28.218604268695156,0.8394633546911033,0.6452298236695787
16.419746660454894,0.9994572831560746,0.25155525393852446,300,12.946666666666667,0.92,0.7724683017465626,0.055206488436299134,starlike,0.7,40.07910874871438,30.805676181401175,0.6140235039797665,0.4719518427908338
16.77426928147684,0.9996400186503157,0.20927830177602147,299,13.176666666666666,0.9233333333333333,0.7825210702341135,0.05492957741201773,starlike,0.7,40.97081336084643,31.491059773711793,0.5111580181920969,0.39288718930052585
16.962287325123448,0.9911693267789279,1.0526156048327744,300,13.336666666666666,0.92,0.7906515793385357,0.056342806987361674,starlike,0.7,41.40340118449355,31.823556199688777,2.5693389897598915,1.9748499253075469
20.88595851160672,0.9902278022536815,1.3640974116573963,300,13.116666666666667,0.9266666666666666,0.7775747305834263,0.05810427626246638,starlike,0.7,51.046218208053254,39.23523545051073,3.333915180086577,2.562519842891948
14.312757732757083,0.99781467625187,0.44037096567367534,300,13.17,0.9166666666666666,0.7802723894463025,0.05835278331112011,starlike,0.7,34.91357787638626,26.835336612333908,1.0742112939814006,0.8256622042239513
15.911134734906982,0.9950125569855389,0.7406077532809744,300,13.286666666666667,0.9366666666666666,0.7909715347454478,0.05653883767661335,starlike,0.7,38.96169618222796,29.94680853791064,1.813530886029824,1.3939193501102085
16.38259505043075,0.9992742148095387,0.2902731162803861,300,13.223333333333333,0.9166666666666666,0.7856083240431067,0.052820557897766254,starlike,0.7,39.962599716297575,30.716124800721943,0.7080727026827394,0.5442401059488057
18.1105495199572,0.9944840881612582,0.8867552640493598,300,15.456666666666667,0.95,0.8260704570791528,0.05094773096007907,starlike,0.8,44.45858940099652,34.171840425790535,2.17684660203706,1.6731717249348317
13.871241850140631,0.9997286611036802,0.15024246759792242,300,15.29,0.9433333333333334,0.8111047937569675,0.05959028568865519,starlike,0.8,34.00932261205166,26.140306315301352,0.3683624440962839,0.283131399986124
19.769780009260902,0.9992994489190343,0.34414092755573,300,15.483333333333333,0.9466666666666667,0.8260524712002973,0.0492710376478718,starlike,0.8,48.501563875415066,37.2793586904676,0.8442872491332714,0.6489375740352465
15.817578359266374,0.9985839731666307,0.3916028545315534,300,15.296666666666667,0.9433333333333334,0.8130338907469342,0.05588937034680099,starlike,0.8,38.781324064091855,29.808170598172712,0.9601265668530545,0.7379741974073807
22.32721391355649,0.9916659513223467,1.3456814230887313,300,15.313333333333333,0.9433333333333334,0.8202091415830546,0.05036912045070103,starlike,0.8,54.74156021630701,42.07555582788053,3.299323459665975,2.535931892932387
18.40647896262022,0.9947177458029821,0.8818461896823392,300,15.25,0.9366666666666666,0.808659308807135,0.05623332588016246,starlike,0.8,45.07206136296803,34.64336834137747,2.1593823378593577,1.6597483109967162
17.12389016759682,0.9961005972946108,0.7043885472780501,300,15.36,0.95,0.8113216648086213,0.05817916783971826,starlike,0.8,42.03649376127532,32.31016494729007,1.7291646047343827,1.3290735882318399
18.572557707309052,0.9834164791861711,1.5856369375824617,300,15.353333333333333,0.9433333333333334,0.8129218877740617,0.05772335144396708,starlike,0.8,45.535945059772445,34.99991945730133,3.887643135230955,2.9881272131984127
17.47858558045657,0.9995809684876024,0.23527893548803921,300,15.383333333333333,0.9466666666666667,0.821067707172055,0.056203701279939663,starlike,0.8,42.8805345626158,32.95891309618246,0.5772141274595504,0.4436593540373901
19.02436245538965,0.9986015586249009,0.468056771456946,300,15.27,0.9433333333333334,0.814000148643627,0.05503033452831476,starlike,0.8,46.64367381262192,35.851343910650805,1.147575243313433,0.8820513340491949
20.6496614293325,0.9956682205857188,0.8954703026978897,300,17.076666666666668,0.9666666666666667,0.840744927536232,0.04973238696004885,starlike,0.9,50.84768496087965,39.082638471320955,2.2050042805412557,1.6948143300999996
20.49970897438094,0.9996163562781224,0.26403255297435335,300,17.30666666666667,0.9566666666666667,0.850505685618729,0.04681888376236012,starlike,0.9,50.38586357644627,38.72767249361674,0.6489608321041219,0.4988054343611997
14.918212064809277,0.9954168088362998,0.6655193479579149,300,17.24,0.9633333333333334,0.8388646599777035,0.057414301981554984,starlike,0.9,36.71219588807385,28.217793602320263,1.637775127702377,1.2588296450971046
20.389636816187753,0.9959949895402902,0.8500513257736914,300,17.266666666666666,0.97,0.8426968413229282,0.05054008990305724,starlike,0.9,50.23788319937394,38.61393155177411,2.0944355018519736,1.6098287578551005
18.549820992075336,0.9831317664096998,1.597463964453853,300,17.266666666666666,0.9566666666666667,0.8377832032701599,0.056218242077391525,starlike,0.9,45.593269204078155,35.04398004352667,3.9263777589160394,3.0178994888678266
21.943871426708004,0.9923416387047976,1.2673978806274473,300,17.223333333333333,0.9533333333333334,0.8371278335191379,0.05393480183039164,starlike,0.9,53.9021804079165,41.43039021971779,3.113193104432999,2.392868046708008
17.681887195340956,0.9989775807852601,0.37190126405419205,300,17.21,0.9733333333333334,0.8352916387959867,0.05385898333765756,starlike,0.9,43.59262147263896,33.50623860935001,0.9168789988311952,0.7047331743979243
14.488564706189331,0.9996313044666767,0.18293709875823194,300,17.33,0.9666666666666667,0.8390694165737644,0.05946626524727333,starlike,0.9,35.67661272495008,27.421821821058405,0.45046394572371395,0.34623640286926627
17.59508356344567,0.9977523084939033,0.5490485181458793,300,17.27,0.96,0.8438558156819027,0.05305485659840704,starlike,0.9,43.2732163374342,33.26073686360297,1.3503258009433134,1.037889829937529
22.452460386390605,0.9914775832736809,1.3685676836914253,300,17.163333333333334,0.97,0.842479895949461,0.05102144800435758,starlike,0.9,55.320459731511626,42.52051060765805,3.3720043207999857,2.5917959862862974
21.619015423059473,0.9988736317201335,0.477291006600361,300,19.076666666666668,0.9633333333333334,0.854422519509476,0.04855135260174615,starlike,1.0,53.202188417127594,40.89236112498377,1.1745644085099296,0.9027957944278526
15.685438098023031,0.9982196872458159,0.4355060050113204,300,19.18,0.97,0.8598899293942772,0.052968199410586655,starlike,1.0,38.647240958891395,29.705111402268443,1.073040192408654,0.8247620700405354
17.450910442247885,0.9830378671927673,1.507077562503845,300,19.123333333333335,0.9633333333333334,0.8532871794871795,0.05274120949857747,starlike,1.0,42.94490786146553,33.00839181616914,3.7087639224325084,2.8506367530286947
18.459804037592598,0.9989195509805007,0.39914103399758993,300,18.993333333333332,0.9766666666666667,0.8487936083240432,0.05404153853108347,starlike,1.0,45.537892858419234,35.00141657777763,0.9846280927233134,0.7568066040020914
22.986825575302145,0.9934954896956859,1.2228290907858073,300,19.19333333333333,0.9733333333333334,0.8622627276105537,0.04822648366392831,starlike,1.0,56.67132558258583,43.55881553189217,3.01474187067559,2.3171962835007625
18.04693027062157,0.9924130789845843,1.0374144443440674,300,19.096666666666668,0.9633333333333334,0.8489346711259755,0.05552336683129367,starlike,1.0,44.41165177135046,34.13576314102194,2.552970968130798,1.9622691072759533
19.621381613567557,0.9994176672824795,0.31138958098744834,300,19.25,0.9666666666666667,0.86136878483835,0.047806819257495047,starlike,1.0,48.31565080126014,37.13646185121368,0.7667650807900876,0.5893523464835787
18.618106149202493,0.9994391027997137,0.2899755481450635,300,19.183333333333334,0.9666666666666667,0.8587053140096619,0.04869464631215628,starlike,1.0,45.845187306466464,35.23760978552178,0.7140352091920567,0.5488230183560437
23.530690153442876,0.9936131461894081,1.2403147173913904,300,19.17,0.9666666666666667,0.8555334076551467,0.05226876493594974,starlike,1.0,57.94192432301842,44.535425406120424,3.054148476869169,2.3474850595665804
19.79328580266979,0.9794963344477426,1.8827586481242917,300,19.09,0.9733333333333334,0.853862281679673,0.052665287561229845,starlike,1.0,48.79802739171954,37.50722700810249,4.641720884501836,3.5677278002594637
5.379378701757868,0.9888664892009758,0.37526820083152557,93,1.43,0.19666666666666666,0.12607647714604236,0.02206206683180709,tree,0.1,9.526083595392826,7.32195539468034,0.6645444483478352,0.5107833413238752
5.206597367226585,0.9848441362245436,0.42464204988704163,97,1.43,0.21333333333333335,0.13524206614641396,0.023056777904772726,tree,0.1,9.404051897281887,7.22815917282716,0.7669799666174413,0.589517512412166
4.884626954017418,0.9938451817458952,0.2527214230394029,106,1.48,0.22,0.1391913043478261,0.026270822581502554,tree,0.1,8.887793351566744,6.8313516069480436,0.4598377326728567,0.3534412997435761
5.495900758041323,0.98560463733324,0.43667791350299223,103,1.4933333333333334,0.22666666666666666,0.14808480118914905,0.02458351292089902,tree,0.1,10.071287122459685,7.74101070384607,0.8002161684761963,0.6150635812726252
4.968635577058625,0.9921212033168246,0.29110330367494885,103,1.49,0.22666666666666666,0.14407313266443703,0.02594085074178076,tree,0.1,9.105068978949223,6.998354387903599,0.5334493985025739,0.4100208298659
5.527887830037806,0.9823503608143078,0.48714286004759844,91,1.4366666666666668,0.20333333333333334,0.12781263470828688,0.021332927437319175,tree,0.1,9.869103067559424,7.585607634298026,0.8697106819554521,0.668478578398644
5.004927039487156,0.9874662870764096,0.3707139186901988,97,1.4733333333333334,0.22333333333333333,0.14001345224823486,0.024773710255377505,tree,0.1,9.13937115616354,7.0247197886465775,0.676951345930655,0.5203195531131259
5.110700712972266,0.9894475361205022,0.3469951534163129,97,1.43,0.22,0.13669542920847272,0.02404732142978103,tree,0.1,9.299144488658191,7.147525052958036,0.6313729270610725,0.48528698736023457
5.386607666027802,0.988457833745923,0.3826857953527358,101,1.4766666666666666,0.22333333333333333,0.1513411371237458,0.025754882037444686,tree,0.1,9.836348530968479,7.56043178385637,0.6988128882451559,0.5371228108299811
5.52291825308643,0.9825452524624259,0.48396229617869313,98,1.4533333333333334,0.21666666666666667,0.13476826458565588,0.022696036095025757,tree,0.1,10.012572268667014,7.695881188009884,0.8773817108538984,0.6743746983374709
5.710684586082787,0.9812106604208927,0.5195474420524797,202,2.73,0.4666666666666667,0.34740297287253813,0.05315518981219195,tree,0.2,12.255860293107846,9.420121237752909,1.1150153312537416,0.8570250762625139
5.424313490604071,0.994983149886888,0.25322984515485936,214,2.78,0.49,0.3451413600891862,0.05639897828529079,tree,0.2,11.75620865729459,9.036078104636475,0.5488294330797231,0.42184225952425314
5.857865777984467,0.9879525468596233,0.4252863121396669,205,2.6166666666666667,0.45,0.3094971386101821,0.04765194761466281,tree,0.2,12.47920927815158,9.59179213372618,0.90600179202984,0.6963727162704358
5.398351839764815,0.9903092615557767,0.35108850508626577,224,2.8533333333333335,0.5,0.3621768115942029,0.05979080341749767,tree,0.2,11.74730625181937,9.029235521832936,0.7640006270731491,0.5872275271280283
5.528320199579967,0.9870983720326999,0.41552545829768855,218,2.7866666666666666,0.48333333333333334,0.34652649572649574,0.054718718571357544,tree,0.2,11.94873438548141,9.184057573848149,0.8981034296786474,0.6903018628869505
5.578532018586718,0.9862118864117132,0.4336602826085147,225,2.743333333333333,0.5133333333333333,0.3486134522482349,0.05584691736347078,tree,0.2,12.203154382508107,9.379610326570695,0.9486408540099224,0.7291460282787585
6.057336923862891,0.9812989712554417,0.5497638970825651,213,2.7133333333333334,0.48,0.3454726867335563,0.051702180560603654,tree,0.2,13.073928818449284,10.048906529458607,1.1865897749711216,0.9120387530846628
5.908268574998696,0.9772932046478218,0.5920905380485513,209,2.72,0.49333333333333335,0.34750501672240797,0.04979957606391359,tree,0.2,12.822489092590791,9.855644478086631,1.2849914267743723,0.9876724065217084
5.356517779930177,0.9930932186425416,0.29368908427893287,203,2.62,0.47,0.3329484206614642,0.05488968692750992,tree,0.2,11.512330389904298,8.848627954983447,0.6312021931105392,0.48515575752610135
5.812679740178889,0.9854084850122334,0.46502986815350283,206,2.7333333333333334,0.48,0.3449195094760312,0.054017509464821256,tree,0.2,12.545869929764075,9.64302896288051,1.0037030251265198,0.7714680126297008
5.729494899300103,0.98603524951443,0.4482797441555851,263,4.333333333333333,0.64,0.4838380527684876,0.07375894655045626,tree,0.3,13.082162743422645,10.05523530358434,1.0235576906333603,0.7867287411086838
5.714107560802295,0.9916492833381166,0.3447415600718572,268,4.463333333333333,0.6566666666666666,0.4814750650315868,0.07351374772782854,tree,0.3,13.110826810915466,10.07726713035878,0.7909978663391343,0.6079781934124033
5.8129287192320485,0.9850923969778127,0.4701352682452032,258,4.246666666666667,0.65,0.4697174284652545,0.07376088951286172,tree,0.3,13.311807960424582,10.231745620615683,1.076626036303717,0.827518227782489
5.9293052679842475,0.9927069019914673,0.33412711672819784,262,4.483333333333333,0.6633333333333333,0.4736516536603493,0.07378522971382663,tree,0.3,13.630601656277868,10.476777400755841,0.7681091502025228,0.590385427517002
5.328328142996614,0.9966975928692792,0.2016447750756561,254,4.363333333333333,0.6633333333333333,0.48634953548866594,0.07907820701256962,tree,0.3,12.249043543648185,9.414881735602783,0.4635517115246154,0.35629594480490173
5.338640901697589,0.9978977957283552,0.16109703354375218,253,4.26,0.63,0.4339068004459309,0.0767159335318018,tree,0.3,12.15321209891157,9.341223599313844,0.3667312436279678,0.2818776237674723
5.311794061153238,0.9976805016062958,0.1683855939828376,261,4.14,0.6166666666666667,0.4296684503901895,0.07394671230628518,tree,0.3,12.04274932254565,9.256319502764136,0.381759058148238,0.2934283294163461
5.899807628749457,0.992159710746961,0.34480655113282527,259,4.173333333333333,0.61,0.4468921590486808,0.06957014904227155,tree,0.3,13.348026198864108,10.259583747761278,0.7801079573566515,0.5996079721117599
5.495720695171984,0.9945151708304442,0.26832609343256464,259,4.183333333333334,0.6166666666666667,0.4446535117056857,0.07260634874602256,tree,0.3,12.45974258729328,9.576829611014805,0.6083413330231361,0.4675844023970168
5.696928540657806,0.9917343347988397,0.34193567242491396,272,4.47,0.6566666666666666,0.4879542177629135,0.07535085996175321,tree,0.3,13.071410129395387,10.046970610177505,0.7845598518988189,0.6030297952495849
5.7013555255365045,0.9888161896980067,0.39863703489800684,292,6.213333333333333,0.7733333333333333,0.5883547380156076,0.08993245555845539,tree,0.4,13.486487993247943,10.366008499569688,0.9429711163837695,0.7247881444136296
5.561296198696375,0.9937355894475527,0.2902973820297894,285,5.873333333333333,0.75,0.5504321070234114,0.08934075178287419,tree,0.4,13.08118369661279,10.05448278687595,0.6828324270639663,0.5248398802023642
5.681736384342838,0.9932226709728555,0.308566988139703,285,6.203333333333333,0.7733333333333333,0.5754760312151617,0.09081489103417392,tree,0.4,13.440079150480448,10.330337651916548,0.7299115029784403,0.5610258836545345
6.034661567623529,0.9937648983586265,0.31426446036073424,281,6.023333333333333,0.7333333333333333,0.5512500185804534,0.08039274303675528,tree,0.4,14.135728127087445,10.865028611329802,0.7361401997253351,0.5658133956778187
5.960831582904196,0.9910442740801186,0.3725401872901738,284,6.096666666666667,0.72,0.5362494983277593,0.08046106535053321,tree,0.4,13.91528564868964,10.69559171968819,0.8696778376740165,0.6684533335683595
6.031729107058446,0.9883491753698138,0.4305537413998133,291,5.956666666666667,0.7333333333333333,0.574977331846897,0.08454478542283658,tree,0.4,14.128859064949177,10.85974890051517,1.0085388491677816,0.7751849323451404
5.845027186102427,0.9855236365203445,0.4657417396805443,291,6.22,0.7733333333333333,0.591856038647343,0.0897825907368449,tree,0.4,13.826341580085955,10.627227370749186,1.1017064892765127,0.8467956103612018
5.358498489308608,0.9924079566756531,0.3081340847214789,290,5.773333333333333,0.75,0.5248911185432925,0.08675239542158804,tree,0.4,12.604166469877853,9.687836953709365,0.7247876073161083,0.5570875458149699
5.907580827732864,0.9788716644451362,0.5706132408471624,282,6.1,0.7466666666666667,0.560307469342252,0.08237111880916295,tree,0.4,13.884280133528057,10.671760205222792,1.3410826385362777,1.0307853339321786
5.986750176334555,0.9914742870237435,0.3649876504640615,280,5.886666666666667,0.7133333333333334,0.5457363062058713,0.07981969357126015,tree,0.4,13.951605068530744,10.723507617063461,0.8505722477438091,0.6537683608975665
5.437725402168281,0.9940844772648855,0.27578116298524447,293,7.656666666666666,0.8366666666666667,0.6151971757710888,0.09975630850744119,tree,0.5,13.048766752213133,10.029566417147583,0.6617848096951703,0.5086622229316304
6.263212447505625,0.9815050655068197,0.5652488372694934,290,7.806666666666667,0.79,0.6076601263470829,0.0863982653586799,tree,0.5,14.873553400423878,11.43213719129754,1.3423237413898639,1.0317392726251544
5.885370388144833,0.9898867225836293,0.3911014435610105,296,7.6866666666666665,0.81,0.6274190263842437,0.09344763155704047,tree,0.5,14.040176520408046,10.791585564668427,0.9330140573725029,0.7171349319247161
5.659169629170387,0.989912409339942,0.3755869217655272,299,7.666666666666667,0.8166666666666667,0.5919004830917874,0.09459904345412154,tree,0.5,13.520696143679698,10.392301629279043,0.8973395352130727,0.6897147169578631
5.844662633289594,0.9862756210610855,0.45328260956270505,295,7.716666666666667,0.8266666666666667,0.637417911557042,0.0955736796199364,tree,0.5,13.994762266142448,10.756679179406786,1.0853633063567127,0.8342338839027282
5.59695114858973,0.9953448761004864,0.251647577766925,294,7.733333333333333,0.8233333333333334,0.6186183574879227,0.09773853463151726,tree,0.5,13.391807960773834,10.293235363831345,0.6021163926180962,0.4627997775799211
5.640007768334884,0.9901546581588958,0.369748135834601,298,7.54,0.82,0.6031509476031215,0.0923720493330489,tree,0.5,13.484892577647656,10.364782228380243,0.8840437987529763,0.6794953242425469
6.15940568168398,0.9837563915544204,0.520353751939369,295,7.56,0.83,0.6327228539576365,0.09097705692693045,tree,0.5,14.759163872948921,11.344214908293928,1.2468713206559325,0.9583724624424137
5.4237450288335705,0.9942515922846384,0.2711360767928668,293,7.83,0.8233333333333334,0.6449000371609066,0.1027870217884261,tree,0.5,12.977378205747343,9.97469562500312,0.6487464648610711,0.49864066702780596
5.6566158262828266,0.9972597620024816,0.19494364704666975,295,7.79,0.8,0.6210705314009661,0.09801399882790027,tree,0.5,13.463940579762168,10.348678066327626,0.46400706020074284,0.35664593571798214
6.060136782208488,0.9898347782574766,0.4037587145031169,298,9.453333333333333,0.8733333333333333,0.6735877369007803,0.09992269494681655,tree,0.6,14.655236605989073,11.264334146661827,0.9764102206644879,0.7504901684962125
6.055125903378838,0.9866620302340617,0.46285636759871523,299,9.583333333333334,0.87,0.6806926793013749,0.0990347659549419,tree,0.6,14.6330625351386,11.247290672703215,1.118557447018513,0.8597476236108273
5.514228489412708,0.9946436129596495,0.2660415027812887,299,9.25,0.88,0.6775166109253067,0.10855448771004908,tree,0.6,13.353277363619311,10.263619907398414,0.6442471478455198,0.49518239394375224
5.695438782191098,0.9950276472774916,0.26469941827990595,298,9.33,0.8433333333333334,0.666756447417317,0.10380340624535035,tree,0.6,13.686825814584036,10.519992513776716,0.6361046040117434,0.48892385735281
5.076307958081017,0.9923250683621354,0.2935084750403302,299,9.303333333333333,0.8866666666666667,0.6865545150501673,0.1173187047789496,tree,0.6,12.309445949434807,9.461308340667946,0.7117233113208845,0.5470460432833112
6.3069307709638025,0.9878120169988387,0.4605844162923855,298,9.44,0.8566666666666667,0.6646313638052768,0.09555409931569786,tree,0.6,15.199281371503046,11.682498806452257,1.1099776409132298,0.8531529977114418
6.266615347186742,0.9819223852986478,0.5590201067788456,299,9.21,0.84,0.6397753251579339,0.09140197281680439,tree,0.6,15.048653483604168,11.56672293010745,1.3424311867264764,1.0318218574517692
5.477144292234543,0.9981786677539085,0.153817956359237,299,9.196666666666667,0.8533333333333334,0.6486344109996284,0.10529665830662359,tree,0.6,13.190277780338912,10.138334876443219,0.37043054988690854,0.2847209911542886
5.839879507644722,0.9925260271371888,0.3331739987247855,300,9.376666666666667,0.8566666666666667,0.6647354886659235,0.09959791588466578,tree,0.6,14.073719061736668,10.817367092719595,0.8029270553595991,0.617147227992868
6.069866621446456,0.9870508199894952,0.4570807525485337,298,9.263333333333334,0.89,0.6843264957264957,0.10136049323001319,tree,0.6,14.728599711920774,11.3207226282312,1.109111593412012,0.8524873347335672
5.63464485420237,0.995006326886383,0.2624376199006013,300,10.9,0.9266666666666666,0.6946674842066147,0.10740336940718104,tree,0.7,13.771324432759869,10.584939992664555,0.6414092991711908,0.49300116162490726
6.234581184550895,0.9859500835571009,0.489304375787435,298,11.393333333333333,0.9,0.7123610553697511,0.0995815326974827,tree,0.7,15.158534776824462,11.651180086042748,1.1896769289340017,0.9144116068798626
6.166345087079611,0.9931142526155087,0.3375718077837955,300,11.256666666666666,0.8933333333333333,0.705371237458194,0.10192340058318772,tree,0.7,14.972717057926486,11.508356538916809,0.8196698519630322,0.6300161062349015
6.033724933900314,0.9830120297739755,0.521481907364432,299,11.243333333333334,0.91,0.7278578966926792,0.104545004156593,tree,0.7,14.699135306486399,11.298075644278047,1.270414743828797,0.9764684504298766
5.9705493347079654,0.9762196560387484,0.6126493707353243,300,10.85,0.8833333333333333,0.6994107023411371,0.10043092490357344,tree,0.7,14.468109040467231,11.120503822883364,1.4846000598043565,1.1410959507099527
5.913683378885485,0.9929167484243058,0.32838279287213534,300,11.05,0.91,0.6942629505759941,0.10464349854269948,tree,0.7,14.406694554066585,11.073299310608224,0.7999938939260175,0.6148927362106976
5.911085842583435,0.9947181579233582,0.28318637738066466,300,11.533333333333333,0.9333333333333333,0.732471646228168,0.11083027632312493,tree,0.7,14.465361193631344,11.118391767938402,0.6930018177738021,0.5326562954608347
5.563184736236889,0.986642777531944,0.42556313476274804,300,11.563333333333333,0.93,0.7475222593831289,0.11461654803890177,tree,0.7,13.605347974528454,10.457366870765311,1.040758991134065,0.7999500354355112
5.795058937468352,0.9913441016421671,0.35601158140168,300,10.733333333333333,0.8833333333333333,0.6972266815310293,0.10550736965024689,tree,0.7,14.042852659440806,10.79364250343362,0.862703595705339,0.6630927792445384
5.92041007005823,0.995524194188355,0.2609900228715449,300,11.263333333333334,0.92,0.7287093273875883,0.1099252472303373,tree,0.7,14.451182709555505,11.107493876173345,0.6370529171555628,0.48965275149589654
5.991397419167732,0.994293930213214,0.2984019671315304,300,12.71,0.9266666666666666,0.7348508361204013,0.10709032445363036,tree,0.8,14.643243682593887,11.255116124452382,0.7293077748595337,0.5605618450690149
6.307654994131847,0.9924157132001252,0.36252745077618515,300,13.033333333333333,0.9366666666666666,0.7579395763656632,0.10655794424582614,tree,0.8,15.445594647911493,11.871820557087792,0.8877232598547223,0.6823234382091801
6.206967275558203,0.9808446417373867,0.5702783595806898,300,12.756666666666666,0.9333333333333333,0.7592810850984762,0.10656367052306924,tree,0.8,15.18942981866059,11.674926688303337,1.3955612677485514,1.0726587952619233
5.962639348101212,0.9855964451148752,0.473899479693162,300,12.866666666666667,0.93,0.7473917502787069,0.10878563935071786,tree,0.8,14.582255852320866,11.208239549372422,1.1589705594667679,0.8908100223125807
6.3528008194701915,0.986746794507094,0.4840444570637705,300,12.653333333333334,0.93,0.7278641397250093,0.10094610278799783,tree,0.8,15.536436386656254,11.941643496641465,1.1837811587664435,0.9098799894788746
5.650759240162082,0.9913078992494581,0.34787827240506036,300,12.553333333333333,0.9366666666666666,0.7453895949461166,0.11336835079168149,tree,0.8,13.837049863646918,10.635457990793805,0.8518517241959322,0.6547517943744174
5.81819641929211,0.9932360814001208,0.3156630362010569,300,12.77,0.93,0.7407069490895577,0.11000088132939509,tree,0.8,14.229005618492177,10.936723723445283,0.7719868481514105,0.5933659106433028
5.82442773255549,0.9849815483975553,0.4728399924104489,300,12.73,0.9266666666666666,0.7462664437012264,0.1109147850508269,tree,0.8,14.235162288953166,10.941455874495995,1.1556421227527003,0.8882517133380294
5.578984179046837,0.9883457652098239,0.3982951031723889,300,12.323333333333334,0.9366666666666666,0.7244827201783723,0.11192615642220831,tree,0.8,13.661293817882443,10.500368064850338,0.9753077363254745,0.7496427750135967
6.565659612394075,0.9817309210916365,0.5888475369741051,300,12.78,0.92,0.7435192121887775,0.0991581079345262,tree,0.8,16.026178177641494,12.318069707118878,1.4373233009518271,1.1047580038447065
6.588369047021981,0.9829296389780646,0.5708216863265602,300,14.036666666666667,0.92,0.7491460423634336,0.10050441395695074,tree,0.9,16.081609842873316,12.360675692696892,1.3933238383942836,1.0709390583137173
5.4381644395107385,0.995075598762971,0.2515147282652938,300,14.04,0.9366666666666666,0.743021850613155,0.12006879750158245,tree,0.9,13.316467631713012,10.235327145487485,0.6158857046524338,0.4733831707993144
6.08054084953239,0.9899622612416762,0.40254389422481196,300,14.283333333333333,0.9466666666666667,0.7598169453734671,0.11092497795708257,tree,0.9,14.917502383563008,11.46591733724775,0.9875683183756859,0.7590665254967315
6.19055849948624,0.9849814835842906,0.5025644030238127,300,14.403333333333334,0.9466666666666667,0.7711117800074321,0.10882974641001963,tree,0.9,15.187410701923662,11.673374751189161,1.2329504669931104,0.9476725910257539
5.569796406987754,0.9945715674545713,0.2705334258194787,300,13.963333333333333,0.9533333333333334,0.7439591230026013,0.11677437853632802,tree,0.9,13.681458705568906,10.51586723685534,0.6645291180090032,0.5107715580914493
6.485507342510549,0.9864219104033785,0.5002583469654742,300,13.94,0.93,0.7422442214790039,0.10266709865703466,tree,0.9,15.860984017205578,12.191097876349051,1.2234339160614653,0.9403579626441166
6.344480035227873,0.9881109969913543,0.4575391864593014,300,14.473333333333333,0.9566666666666667,0.7791852842809365,0.10883168936438586,tree,0.9,15.593982622776831,11.985874787474392,1.1245772834447156,0.8643746010412213
6.477353855506571,0.9896195110540142,0.43614893071309097,300,14.27,0.9333333333333333,0.736189149015236,0.10100833704839918,tree,0.9,15.851108509348396,12.18350734585391,1.0673253586558618,0.8203695243099693
5.799065271542377,0.9901695529883418,0.3798850955523185,300,14.336666666666666,0.95,0.7685474544778892,0.115702677085388,tree,0.9,14.23580557469966,10.941950317935913,0.9325589742104508,0.7167851450915387
5.954855481665666,0.9887474483723302,0.41765381591897327,300,14.51,0.95,0.7705091787439613,0.11346156918155799,tree,0.9,14.618246371260462,11.235902646349082,1.025275323271632,0.7880489509762474
6.185736128073031,0.9877940067272561,0.4520715410185653,300,15.783333333333333,0.96,0.8016723894463025,0.11218760760810824,tree,1.0,15.213152964643685,11.693160815158336,1.1118213519107984,0.85457011415281
5.718859430202046,0.9952450115915252,0.259885205250336,300,15.556666666666667,0.96,0.7666616871051654,0.11749136019313254,tree,1.0,14.064919921189947,10.810603881589916,0.6391597214724422,0.4912720871944591
6.031611968320744,0.9975746084135664,0.1955302893187386,300,15.536666666666667,0.9466666666666667,0.7593782237086585,0.11339483266568665,tree,1.0,14.797464261928493,11.373653421708083,0.47969804482036477,0.36870636835359866
6.580368649953024,0.9915639805249492,0.39904424221900203,300,15.27,0.9266666666666666,0.7354008918617615,0.10072131746603825,tree,1.0,16.082715754140146,12.36152572019089,0.9752820035364242,0.7496229962312965
6.72858600206885,0.9824467268735415,0.5913039312167823,300,15.5,0.94,0.7635322185061316,0.09905152618503467,tree,1.0,16.486711851819333,12.672045922665552,1.4488419302096536,1.1136114732468074
6.659931381201166,0.9877066435232037,0.4884874529856192,300,16.323333333333334,0.96,0.8093383872166481,0.1043646988314075,tree,1.0,16.37938520791811,12.589552325854626,1.2013823722374724,0.9234086656275333
6.113010604330834,0.9931740212852224,0.3331864620213959,300,15.416666666666666,0.94,0.7535631363805277,0.11238344894755437,tree,1.0,14.978398782408425,11.51272363614045,0.8163898314720079,0.6274950110242178
5.794348556822208,0.9631639839991119,0.744994787523154,300,16.41,0.9633333333333334,0.8271818654775175,0.11775034695170586,tree,1.0,14.259299863663289,10.960008540299679,1.8333560654806023,1.409157414964094
6.530201073300435,0.982687135430831,0.5698568760378152,300,15.643333333333333,0.94,0.7842996655518395,0.10562314805625535,tree,1.0,16.000619357000524,12.298424640728287,1.3962913023813133,1.073219915785812
6.015182781753575,0.9904824469533455,0.3876595598971324,300,14.666666666666666,0.9366666666666666,0.7223225566703828,0.10718837257124364,tree,1.0,14.729416093064197,11.321350116564401,0.9492644142917299,0.729625310296764
